Latitude,Longitude,Depth to water (ft),lastLoc
27.38611111111111,-98.26722222222222,48.71,d
29.39388888888889,-95.11,91.49,2723100981602d
29.438333333333333,-99.28305555555555,213.81,2923380950636d
29.441111111111113,-99.67055555555557,68.67,2926180991659d
29.49527777777778,-98.59555555555555,173.62,2926280994014d
29.53388888888889,-99.10972222222222,176.46,2929430983544d
29.547777777777778,-98.63555555555556,179.1,2932020990635d
29.563333333333333,-95.11833333333333,132.54,2932520983808d
29.568055555555556,-98.66166666666668,210.71,2933480950706d
29.587777777777777,-98.54861111111111,239.74,2934050983942d
29.599722222222223,-98.48,178.46,2935160983255d
29.72722222222222,-95.45111111111112,228.11,2935590982848d
29.72722222222222,-95.45111111111112,248.88,2943380952704d
29.790555555555557,-95.58638888888889,356.73,2943380952704d
29.790555555555557,-95.58638888888889,152.44,2947260953511d
29.791111111111114,-95.33361111111111,168.53,2947260953511d
29.86777777777778,-99.56722222222221,250.02,2947280952001d
29.88722222222222,-91.5225,6.45,2952040993402d
29.91361111111111,-95.14472222222223,83.46,2953140913121d
30.14,-95.46305555555556,132.47,2954490950841d
30.146944444444443,-95.2425,137.88,3008240952747d
30.20777777777778,-95.45694444444445,350.28,3008490951433d
30.210277777777776,-97.78,162.41,3012280952725d
30.25138888888889,-95.57694444444444,40.69,3012370974648d
30.33,-95.48333333333333,87.15,3015050953437d
30.33,-95.48333333333333,54.47,3019480952900d
30.404444444444444,-87.84861111111111,1.18,3019480952900d
30.43722222222222,-91.14166666666668,148.59,3024160875055d
30.443333333333335,-91.1438888888889,107.31,3026140910830d
30.443333333333335,-95.70777777777778,14.71,3026360910838d
30.443333333333335,-95.70777777777778,14.95,3026360954228d
30.445,-91.14277777777778,92.09,3026360954228d
30.496666666666666,-95.70694444444445,50.54,3026420910834d
30.575277777777778,-95.71666666666667,12.5,3029480954225d
30.575277777777778,-95.71666666666667,23.38,3034310954300d
30.575277777777778,-95.71666666666667,23.51,3034310954300d
30.735,-81.55138888888888,-10.64,3034310954300d
30.735,-81.55138888888888,2.7,3044060813305d
30.828333333333333,-82.36055555555555,66.59,3044060813305d
30.830277777777777,-83.28138888888888,120.08,3049420822138d
30.83833333333333,-93.42027777777778,35.6,3049490831653d
30.852777777777778,-102.89277777777778,107.58,3050180932513d
30.921944444444446,-90.80499999999999,57.34,3051101025334d
30.96,-84.59944444444444,46.11,3055190904818d
31.069444444444443,-81.57722222222222,-21.21,3057360843558d
31.071666666666665,-81.41305555555556,-23.25,3104100813438d
31.085277777777776,-84.43944444444445,50.54,3104180812447d
31.11416666666667,-84.67916666666667,29.97,3105070842622d
31.118333333333332,-82.26416666666667,100.2,3106510844045d
31.136944444444445,-83.43416666666667,179.18,3107060821551d
31.139444444444443,-81.495,-9.45,3108130832603d
31.140277777777776,-81.495,-11.1,3108220812942d
31.15861111111111,-81.48611111111111,0.58,3108250812942d
31.172777777777778,-81.51277777777777,5.3,3109310812910d
31.172777777777778,-81.51277777777777,41.69,3110220813046d
31.174444444444447,-81.48305555555555,5.08,3110220813046d
31.221944444444443,-86.26,10.96,3110280812859d
31.279722222222222,-84.29388888888889,38.6,3113190861536d
31.279722222222222,-84.29388888888889,39.56,3116470841738d
31.300555555555555,-84.32305555555556,40.07,3116470841738d
31.345555555555553,-110.23861111111111,35.8,3118020841923d
31.3575,-84.11611111111111,49.1,3120441101419d
31.375555555555557,-84.65472222222223,3.79,3121270840658d
31.438055555555557,-84.18527777777778,44.4,3122320843917d
31.453333333333333,-82.9925,137.73,3126170841107d
31.488611111111112,-84.26055555555556,25.8,3127120825933d
31.529444444444444,-83.82111111111111,220.32,3129190841538d
31.54638888888889,-84.01388888888889,51.82,3131460834916d
31.592222222222222,-84.34305555555555,131.52,3132470840050d
31.592777777777776,-84.17500000000001,68.76,3135320842035d
31.606944444444444,-84.07083333333333,85.49,3135340841030d
31.635555555555555,-84.16000000000001,28.54,3136250840415d
31.66472222222222,-84.60333333333332,174.7,3138080840936d
31.6875,-88.6563888888889,20.53,3139530843612d
31.724999999999998,-84.015,7.48,3141150883923d
31.953333333333333,-106.60499999999999,97.82,3143300840054d
31.997222222222224,-81.27,4.27,3157121063618d
32.024166666666666,-80.85333333333332,8.92,3159500811612d
32.024166666666666,-80.8536111111111,30.27,3201270805112d
32.027499999999996,-83.85444444444444,58.96,3201270805113d
32.10611111111111,-81.11027777777777,52.7,3201390835116d
32.13166666666667,-81.61194444444443,62.85,3206220810637d
32.14611111111111,-80.83805555555556,23.02,3207540813643d
32.217222222222226,-82.41000000000001,184.12,3208460805017d
32.22555555555556,-106.74361111111111,36.71,3213020822436d
32.22555555555556,-106.74361111111111,36.3,3213321064437d
32.2675,-80.72277777777778,13.38,3213321064437d
32.294444444444444,-106.80277777777778,45.54,3216030804322d
32.294444444444444,-106.80277777777778,45.85,3217401064810d
32.294444444444444,-106.80277777777778,46.59,3217401064810d
32.294999999999995,-81.39694444444446,23.33,3217401064810d
32.294999999999995,-81.39694444444446,70.83,3217420812349d
32.295833333333334,-106.82249999999999,34.48,3217420812349d
32.295833333333334,-106.82249999999999,22.19,3217451064921d
32.295833333333334,-106.82249999999999,36.5,3217451064921d
32.328611111111115,-81.2538888888889,44.17,3217451064921d
32.343333333333334,-84.98416666666667,50.29,3219430811514d
32.34638888888889,-86.36194444444443,18.79,3220360845903d
32.376111111111115,-81.31666666666666,19.35,3220470862143d
32.376666666666665,-81.31944444444444,30.85,3222340811900d
32.37916666666667,-83.48361111111112,65.72,3222360811910d
32.38972222222222,-106.52972222222222,70.44,3222450832901d
32.39527777777778,-93.35416666666666,19.62,3223231063147d
32.416666666666664,-85.92,13.02,3223430932115d
32.44777777777777,-83.05833333333334,31.31,3225000855512d
32.45333333333333,-104.12916666666666,87.39,3226520830330d
32.500277777777775,-88.03777777777778,4.41,3227121040745d
32.50833333333333,-83.05,48.89,3230010880216d
32.51305555555555,-90.81222222222222,19.02,3230300830300d
32.52305555555555,-81.85444444444444,89.16,3230470904844d
32.52305555555555,-81.85444444444444,84.67,3231230815116d
32.550555555555555,-83.44277777777778,167.66,3231230815116d
32.55361111111111,-117.06083333333333,38.73,3233020832634d
32.55361111111111,-117.06083333333333,38.95,3233131170339d
32.590833333333336,-117.08333333333333,79.63,3233131170339d
32.590833333333336,-117.08333333333333,79.92,3235271170500d
32.59111111111111,-117.05388888888889,-19.8,3235271170500d
32.59111111111111,-117.05388888888889,-22.02,3235281170314d
32.59111111111111,-117.05388888888889,7.11,3235281170314d
32.59111111111111,-117.05388888888889,22.75,3235281170314d
32.59111111111111,-117.05388888888889,27.03,3235281170314d
32.61638888888889,-117.05916666666667,61.02,3235281170314d
32.61638888888889,-117.05916666666667,61.04,3236591170333d
32.61638888888889,-117.05916666666667,92.28,3236591170333d
32.61638888888889,-117.05916666666667,125.13,3236591170333d
32.635555555555555,-117.10111111111111,42.63,3236591170333d
32.635555555555555,-117.10111111111111,82.76,3238081170604d
32.65416666666667,-117.09805555555555,83.54,3238081170604d
32.65416666666667,-117.09805555555555,73.49,3239151170553d
32.65888888888889,-117.08555555555554,-73.36,3239151170553d
32.65888888888889,-117.08555555555554,67.88,3239321170508d
32.65888888888889,-117.08555555555554,87.45,3239321170508d
32.65888888888889,-117.08555555555554,153.56,3239321170508d
32.6675,-114.39916666666667,155.92,3239321170508d
32.68194444444444,-117.11222222222221,48.23,3240031142357d
32.68194444444444,-117.11222222222221,22.98,3240551170644d
32.687777777777775,-117.08555555555554,114.93,3240551170644d
32.687777777777775,-117.08555555555554,145.13,3241161170508d
32.687777777777775,-117.08555555555554,145.46,3241161170508d
32.7025,-82.71722222222222,154.22,3241161170508d
32.73777777777778,-117.07222222222222,229.99,3242090824302d
32.73777777777778,-117.07222222222222,230.18,3244161170420d
32.75222222222222,-91.42305555555556,34.4,3244161170420d
32.778055555555554,-117.12083333333332,-18.34,3245080912523d
32.778055555555554,-117.12083333333332,-20.41,3246411170715d
32.778055555555554,-117.12083333333332,-16.99,3246411170715d
32.778055555555554,-117.12083333333332,18.78,3246411170715d
32.79138888888889,-79.78888888888889,51.61,3246411170715d
32.831388888888895,-112.2538888888889,341.13,3247290794720d
32.87555555555556,-82.22083333333333,91.64,3249531121514d
32.92166666666667,-93.37194444444444,43.28,3252320821315d
3.4319444444444445,-10.239166666666668,15.09,3255180932219d
32.97138888888889,-90.77833333333334,-1.88,	325550101381d
32.980000000000004,-82.8025,248.93,3258170904642d
33.00055555555556,-92.74972222222222,250.84,3258480824809d
33.05555555555555,-117.04638888888888,16.3,3300020924459d
33.05555555555555,-117.04638888888888,11.79,3303201170247d
33.05555555555555,-117.04638888888888,11.94,3303201170247d
33.08722222222222,-116.97472222222223,70.18,3303201170247d
33.08722222222222,-116.97472222222223,70.1,3305141165829d
33.09861111111111,-117.01694444444445,12.91,3305141165829d
33.09861111111111,-117.01694444444445,12.87,3305551170101d
33.10666666666667,-91.92444444444445,84.25,3305551170101d
33.172777777777775,-80.03833333333333,67.71,3306240915528d
33.19583333333333,-92.69166666666668,96.32,3310220800218d
33.21555555555556,-92.81027777777777,277.05,3311450924130d
33.23166666666667,-92.53999999999999,247.85,3312560924837d
33.24388888888889,-92.68861111111111,230.82,3313540923224d
33.25194444444445,-84.28833333333333,15.38,3314380924119d
33.26916666666666,-93.24694444444445,263.28,3315070841718d
33.28638888888889,-81.96027777777778,131.08,3316090931449d
33.32888888888889,-82.04861111111111,214.95,3317110815737d
33.35861111111111,-82.0261111111111,68.0,3319440820255d
33.36805555555556,-92.72500000000001,130.0,3321310820134d
33.3725,-81.97944444444444,41.81,3322050924330d
33.3725,-81.97944444444444,35.73,3322210815846d
33.42444444444444,-82.00916666666667,6.44,3322210815846d
33.463055555555556,-117.10305555555556,81.1,3325280820033d
33.463055555555556,-117.10305555555556,65.2,3327471170611d
33.471944444444446,-117.11833333333333,31.17,3327471170611d
33.471944444444446,-117.11833333333333,32.3,3328191170706d
33.471944444444446,-117.11833333333333,32.68,3328191170706d
33.4825,-117.07583333333334,307.72,3328191170706d
33.4825,-117.07583333333334,324.39,3328571170433d
33.500277777777775,-117.01583333333333,303.62,3328571170433d
33.500277777777775,-117.01583333333333,314.75,3330011170057d
33.522777777777776,-116.66111111111111,63.65,3330011170057d
33.53444444444444,-87.5461111111111,42.04,3331221163940d
33.5475,-90.54388888888889,29.0,3332040873246d
33.70194444444445,-84.43,5.21,3332510903238d
33.70416666666667,-89.74083333333333,11.18,3342070842548d
33.85916666666667,-117.23472222222222,41.34,3342150894427d
33.882777777777775,-91.25638888888889,28.72,3351331171405d
33.893055555555556,-78.5886111111111,15.57,3352580911523d
33.89333333333333,-82.36277777777777,38.71,3353350783519d
33.90222222222222,-117.26222222222222,10.03,3353360822146d
33.921388888888885,-84.27777777777777,8.17,3354081171544d
33.93666666666666,-84.52472222222222,22.12,3355170841640d
33.94138888888889,-78.19833333333334,8.07,3356120843129d
33.94138888888889,-78.19833333333334,4.16,3356290781154d
33.94194444444444,-78.01,21.75,3356290781154d
33.94194444444444,-78.01,20.81,3356310780036d
33.98027777777778,-78.09527777777777,43.67,3356310780036d
33.98638888888889,-90.92750000000001,0.6,3358490780543d
33.99138888888889,-87.03611111111111,39.99,3359110905539d
34.01166666666666,-95.08833333333332,73.07,3359290870210d
34.01277777777778,-117.03555555555555,348.32,3400420950518d
34.01277777777778,-117.03555555555555,348.69,3400461170208d
34.025,-117.09694444444445,300.43,3400461170208d
34.025,-117.09694444444445,300.05,3401301170549d
34.025,-117.09694444444445,301.16,3401301170549d
34.026666666666664,-117.06083333333333,262.24,3401301170549d
34.026666666666664,-117.06083333333333,263.87,3401361170339d
34.03444444444444,-83.2238888888889,14.09,3401361170339d
34.04666666666667,-117.03583333333333,345.71,3402040831326d
34.04666666666667,-117.03583333333333,341.15,3402481170209d
34.06888888888889,-117.28138888888888,180.26,3402481170209d
34.06888888888889,-117.28138888888888,193.21,3404081171653d
34.071111111111115,-78.14500000000001,8.95,3404081171653d
34.08416666666667,-117.17805555555556,210.03,3404160780842d
34.08416666666667,-117.17805555555556,210.06,3405031171041d
34.08916666666667,-117.35555555555555,277.18,3405031171041d
34.08916666666667,-117.35555555555555,284.33,3405211172120d
34.08916666666667,-117.35555555555555,296.13,3405211172120d
34.094722222222224,-117.12888888888888,284.08,3405211172120d
34.094722222222224,-117.12888888888888,280.07,3405411170744d
34.10416666666667,-117.28583333333333,201.4,3405411170744d
34.10416666666667,-117.28583333333333,158.57,3406151171709d
34.11527777777778,-117.3111111111111,284.64,3406151171709d
34.118611111111115,-117.27416666666666,252.85,3406551171840d
34.118611111111115,-117.27416666666666,249.34,3407071171627d
34.12111111111111,-117.385,412.08,3407071171627d
34.12111111111111,-117.385,411.99,3407161172306d
34.13444444444444,-117.3711111111111,347.47,3407161172306d
34.13444444444444,-117.3711111111111,347.51,3408041172216d
34.169444444444444,-102.40222222222222,152.48,3408041172216d
34.24805555555556,-91.9113888888889,275.54,3410101022408d
34.41111111111111,-80.74416666666667,52.38,3414530915441d
34.41111111111111,-80.74416666666667,46.04,3424400804439d
34.424166666666665,-96.82583333333334,32.89,3424400804439d
34.44166666666666,-119.73972222222223,111.22,3425270964933d
34.442499999999995,-96.82888888888888,73.51,3426301194423d
34.455000000000005,-87.48222222222222,10.05,3426330964944d
34.489444444444445,-84.85444444444444,23.65,3427180872856d
34.50472222222222,-96.9375,56.54,3429220845116d
34.50611111111111,-96.94916666666667,30.94,3430170965615d
34.513333333333335,-93.05111111111111,114.87,3430220965657d
34.518055555555556,-80.28916666666666,12.75,3430480930304d
34.51888888888889,-90.77388888888889,15.85,3431050801721d
34.53111111111111,-88.35833333333333,71.75,3431080904626d
34.57916666666667,-96.8286111111111,135.34,3431520882130d
34.5825,-96.67916666666667,112.77,3434450964943d
34.620555555555555,-82.48222222222222,3.19,3434570964045d
34.62388888888889,-93.80499999999999,48.38,3437140822856d
34.63138888888889,-106.71833333333333,133.36,3437260934818d
34.63138888888889,-106.71833333333333,132.99,3437531064306d
34.666666666666664,-81.41666666666667,85.87,3437531064306d
34.720555555555556,-83.72555555555556,5.04,3440000812500d
34.725833333333334,-80.84333333333333,31.09,3443140834332d
34.725833333333334,-80.84333333333333,33.9,3443330805036d
34.74194444444444,-106.65944444444445,196.79,3443330805036d
34.74194444444444,-106.65944444444445,196.43,3444311063934d
34.75555555555555,-79.46944444444445,18.76,3444311063934d
34.76222222222222,-79.44361111111111,28.71,3445200792810d
34.780833333333334,-91.5975,128.84,3445440792637d
34.78138888888889,-91.64083333333333,114.21,3446510913551d
34.847500000000004,-78.0225,6.8,3446530913827d
34.847500000000004,-83.07166666666666,28.81,3450510780121d
34.84916666666667,-91.88222222222221,123.43,3450510830418d
34.862500000000004,-81.84138888888889,40.62,3450570915256d
34.90083333333333,-85.26666666666667,13.97,3451450815029d
34.93416666666666,-110.75083333333333,267.63,3454030851600d
34.93583333333333,-80.6975,31.62,3456031104503d
34.93583333333333,-80.6975,44.07,3456090804151d
34.969166666666666,-77.5038888888889,9.87,3456090804151d
34.97,-79.5261111111111,30.4,3458090773014d
34.975,-81.0586111111111,25.94,3458120793134d
34.975,-81.0586111111111,23.58,3458300810331d
35.00055555555556,-110.59861111111111,36.63,3458300810331d
35.068333333333335,-89.74555555555555,97.16,3500021103555d
35.07055555555556,-104.81416666666667,370.83,3504060894444d
35.085,-89.8086111111111,153.63,3504141044851d
35.12638888888889,-89.9925,97.82,3505060894831d
35.13055555555555,-85.08277777777778,12.79,3507350895933d
35.149166666666666,-89.98722222222223,30.51,3507500850458d
35.15,-89.80638888888889,103.98,3508570895914d
35.16638888888889,-110.93972222222223,228.06,3509000894823d
35.172777777777775,-111.10499999999999,614.69,3509591105623d
35.1875,-85.04722222222222,10.34,3510221110618d
35.189166666666665,-83.91388888888889,7.1,3511150850250d
35.190555555555555,-79.5038888888889,84.75,3511210835450d
35.19222222222222,-79.46472222222222,53.29,3511260793014d
35.19611111111111,-85.2075,63.53,3511320792753d
35.20388888888889,-111.03916666666666,329.59,3511460851227d
35.21333333333334,-85.22111111111111,19.81,3512141110221d
35.21888888888889,-98.57111111111111,69.12,3512480851316d
35.24111111111111,-85.01,6.49,3513080983416d
35.28583333333333,-82.72805555555556,15.36,3514280850036d
35.30222222222222,-82.6286111111111,31.28,3517090824341d
35.31361111111111,-78.2775,7.6,3518080823743d
35.336666666666666,-81.26194444444444,42.23,3518490781639d
35.336666666666666,-81.26194444444444,36.63,3520120811543d
35.3875,-82.81222222222222,5.0,3520120811543d
35.420833333333334,-86.0213888888889,18.7,3523150824844d
35.45722222222223,-90.87527777777777,111.33,3525150860117d
35.52638888888889,-80.87833333333333,19.94,3527260905231d
35.52638888888889,-80.87833333333333,19.83,3531350805242d
35.52638888888889,-80.87833333333333,24.71,3531350805242d
35.53861111111111,-77.26055555555556,7.76,3531350805242d
35.58583333333333,-78.67805555555556,7.77,3532190771538d
35.58583333333333,-78.67805555555556,28.96,3535090784041d
35.60166666666667,-90.85194444444444,126.57,3535090784041d
35.64083333333333,-76.49166666666667,1.82,3536060905107d
35.6425,-78.82583333333334,24.82,3538270762930d
35.64416666666666,-89.82638888888889,202.12,3538330784933d
35.65611111111111,-83.58222222222221,8.99,3538390894935d
35.6825,-80.60722222222222,7.25,3539220833456d
35.690555555555555,-76.52833333333334,3.95,3540570803626d
35.692499999999995,-82.07277777777777,29.79,3541260763142d
35.692499999999995,-82.07277777777777,29.8,3541330820422d
35.69555555555555,-78.76694444444445,25.77,3541330820422d
35.69555555555555,-78.76694444444445,31.53,3541440784601d
35.70444444444445,-76.45333333333333,2.71,3541440784601d
35.7075,-76.3913888888889,4.61,3542160762712d
35.717222222222226,-81.72555555555556,8.38,3542270762329d
35.717222222222226,-81.72555555555556,11.38,3543020814332d
35.72083333333334,-78.50027777777778,18.98,3543020814332d
35.72083333333334,-78.50027777777778,17.47,3543150783001d
35.73305555555556,-78.67527777777778,30.57,3543150783001d
35.73833333333334,-76.77666666666667,4.67,3543590784031d
35.77111111111111,-81.14750000000001,37.47,3544180764636d
35.77111111111111,-81.14750000000001,37.71,3546160810851d
35.780277777777776,-78.66861111111112,5.74,3546160810851d
35.780277777777776,-78.66861111111112,6.18,3546490784007d
35.79666666666667,-78.53305555555555,27.73,3546490784007d
35.805,-78.39472222222223,19.8,3547480783159d
35.81527777777777,-78.92555555555556,42.77,3548180782341d
35.821111111111115,-90.85694444444444,85.86,3548550785532d
35.841944444444444,-81.4088888888889,10.84,3549160905125d
35.841944444444444,-81.4088888888889,21.3,3550310812432d
35.89972222222222,-80.55472222222222,15.61,3550310812432d
35.91583333333333,-78.39083333333333,9.5,3553590803317d
35.94305555555555,-78.64750000000001,107.79,3554570782327d
35.94916666666666,-78.57388888888889,37.12,3556350783851d
35.9925,-119.10555555555555,355.98,3556570783426d
35.995555555555555,-79.0261111111111,35.88,3559331190620d
36.015277777777776,-110.5111111111111,418.93,3559440790134d
36.047777777777775,-90.29222222222222,11.03,3600551103040d
36.047777777777775,-90.29222222222222,-20.14,3602520901732d
36.06444444444444,-78.69555555555556,26.47,3602520901732d
36.07361111111111,-89.81388888888888,16.51,3603520784144d
36.08916666666667,-85.7238888888889,50.23,3604250894850d
36.093333333333334,-94.1825,21.36,3605210854326d
36.09527777777778,-84.57527777777777,2.91,3605360941057d
36.09805555555556,-87.58944444444444,12.88,3605430843431d
36.16972222222222,-79.99833333333333,20.65,3605530873522d
36.19583333333333,-89.6613888888889,21.13,3610110795954d
36.206944444444446,-110.40194444444445,829.5,3611450893941d
36.20888888888889,-115.10277777777777,1.77,3612251102407d
36.226111111111116,-120.06416666666667,507.65,3612321150610d
36.28444444444444,-115.20527777777778,108.12,3613341200351d
36.29416666666666,-99.5425,124.61,3617041151219d
36.308055555555555,-76.27555555555556,4.8,3617390993233d
36.32638888888889,-120.22916666666667,463.93,3618290761632d
4.0375,-509.715,71.11,3619351201345d
36.375277777777775,-79.68555555555555,22.72,	362155094254d
36.416666666666664,-89.46972222222223,19.93,3622310794108d
36.42472222222222,-116.2863888888889,47.96,3625000892811d
36.45388888888889,-103.11999999999999,174.45,3625291161711d
36.455000000000005,-89.92305555555556,-1.4,3627141030712d
36.49305555555556,-96.4875,4.71,3627180895523d
36.49333333333333,-109.94472222222223,374.75,3629350962915d
36.49861111111111,-89.97166666666666,15.16,3629361095641d
36.509166666666665,-101.73527777777778,242.11,3629550895818d
36.52861111111111,-110.59722222222221,217.03,3630331014407d
36.54333333333333,-94.48416666666667,480.36,3631431103550d
36.55555555555555,-76.4363888888889,1.37,3632360942903d
36.56027777777778,-75.99722222222222,13.79,3633200762611d
36.56027777777778,-75.99722222222222,4.86,3633370755950d
36.57666666666667,-92.65277777777779,45.79,3633370755950d
36.57833333333333,-90.61194444444443,11.54,3634360923910d
36.59722222222222,-94.39055555555557,364.91,3634420903643d
36.597500000000004,-90.25777777777778,23.95,3635500942326d
36.606944444444444,-76.87388888888889,175.94,3635510901528d
36.611666666666665,-76.52361111111111,1.39,3636250765226d
36.62444444444444,-93.25111111111111,212.24,3636420763125d
36.63027777777778,-83.71861111111112,7.79,3637280931504d
36.64722222222222,-110.16888888888889,203.16,3637490834307d
36.64861111111111,-93.22972222222222,159.85,3638501101008d
36.657777777777774,-76.55805555555555,10.65,3638550931347d
36.66833333333333,-93.33416666666666,331.59,3639280763329d
36.672777777777775,-82.75055555555555,79.59,3640060932003d
36.67583333333333,-76.94055555555556,119.79,3640220824502d
36.67583333333333,-76.94055555555556,128.23,3640330765626d
36.683055555555555,-76.91361111111112,129.88,3640330765626d
36.683055555555555,-93.86666666666666,348.39,3640590765449d
36.690555555555555,-76.00972222222222,4.27,3640590935200d
36.705000000000005,-78.0325,21.69,3641260760035d
36.71527777777778,-108.09222222222222,37.01,3642180780157d
36.72027777777778,-94.20305555555557,194.78,3642551080532d
36.72138888888889,-76.49583333333334,0.35,3643130941211d
36.723333333333336,-91.86388888888888,210.64,3643170762945d
36.72361111111111,-76.02083333333333,9.67,3643240915150d
36.72694444444445,-96.53166666666667,150.39,3643250760115d
36.727222222222224,-110.26277777777777,175.82,3643370963154d
36.73166666666667,-76.41388888888889,1.34,3643381101546d
36.73277777777778,-120.53027777777778,409.26,3643540762450d
36.74805555555556,-93.91000000000001,39.78,3643581203149d
36.74805555555556,-93.91000000000001,250.47,3644530935436d
36.75111111111111,-76.05361111111111,5.64,3644530935436d
36.75333333333333,-76.57694444444444,92.32,3645040760313d
36.76611111111111,-76.12888888888888,6.69,3645120763437d
36.76611111111111,-76.12916666666666,7.94,3645580760744d
36.77194444444444,-76.46166666666667,120.82,3645580760745d
36.77194444444444,-76.46194444444444,114.25,3646190762742d
36.77833333333333,-77.07111111111111,108.5,3646190762743d
36.77833333333333,-77.07111111111111,95.8,3646420770416d
36.77861111111111,-89.35638888888889,9.78,3646420770416d
36.78055555555555,-114.72222222222223,396.64,3646430892123d
36.786944444444444,-76.05194444444444,12.9,3646501144320d
36.7875,-76.05222222222221,10.12,3647130760307d
36.79222222222222,-80.11749999999999,19.91,3647150760308d
36.795833333333334,-76.01194444444444,12.67,3647320800703d
36.795833333333334,-76.01194444444444,8.38,3647450760043d
36.805,-94.31472222222222,97.62,3647450760043d
36.805,-94.31472222222222,322.92,3648180941853d
36.80583333333333,-98.24694444444445,4.72,3648180941853d
36.808611111111105,-98.20055555555555,4.13,3648210981449d
36.81444444444444,-76.42277777777778,89.16,3648310981202d
36.81444444444444,-76.42277777777778,89.84,3648520762522d
36.85666666666667,-75.98527777777778,12.91,3648520762522d
36.85666666666667,-75.98527777777778,12.65,3651240755907d
36.86138888888889,-90.5111111111111,116.05,3651240755907d
36.86388888888889,-76.08638888888889,23.21,3651410903040d
36.867777777777775,-105.61527777777778,2.03,3651500760511d
36.86944444444445,-88.65361111111112,8.58,3652041053655d
36.876666666666665,-112.74027777777778,88.56,3652100883913d
36.88527777777778,-76.09805555555555,28.24,3652361124425d
36.88527777777778,-76.09805555555555,18.36,3653070760553d
36.88861111111111,-89.55277777777778,7.97,3653070760553d
36.89361111111111,-76.42111111111112,105.79,3653190893310d
36.89361111111111,-76.42111111111112,94.26,3653370762516d
36.90083333333333,-112.75777777777778,89.62,3653370762516d
36.903055555555554,-76.1211111111111,8.54,3654031124528d
36.903055555555554,-76.1211111111111,8.11,3654110760716d
36.90416666666667,-93.57305555555556,19.24,3654110760716d
36.91416666666667,-93.93194444444445,159.62,3654150933423d
36.915,-77.02888888888889,129.04,3654510935555d
36.915,-77.02888888888889,129.01,3654540770144d
36.925,-77.17777777777778,81.78,3654540770144d
36.925,-77.17777777777778,68.9,3655300771040d
36.933055555555555,-92.05,205.22,3655300771040d
36.93388888888889,-92.66416666666667,285.5,3655590920300d
36.93388888888889,-112.76722222222222,74.42,3656020923951d
36.94555555555555,-94.00361111111111,95.32,3656021124602d
36.94583333333333,-93.72111111111111,85.15,3656440940013d
36.94833333333333,-91.00361111111111,19.29,3656450934316d
36.96555555555556,-76.42,97.0,3656540910013d
36.995,-94.845,28.64,3657560762512d
36.996944444444445,-91.7038888888889,333.28,3659420945042d
37.00138888888889,-93.20666666666666,250.29,3659490914214d
37.014722222222225,-76.89416666666668,128.61,3700050931224d
37.014722222222225,-76.89416666666668,128.43,3700530765339d
37.014722222222225,-76.89416666666668,128.44,3700530765339d
37.04,-94.53388888888888,80.17,3700530765339d
37.043055555555554,-77.19444444444444,99.7,3702240943202d
37.043055555555554,-77.19444444444444,98.77,3702350771140d
37.04666666666667,-90.07388888888889,8.15,3702350771140d
37.065,-93.54972222222221,178.47,3702480900426d
37.094166666666666,-93.82777777777777,194.98,3703540933259d
37.094166666666666,-93.82777777777777,63.49,3705390934940d
37.1,-94.37638888888888,16.35,3705390934940d
37.10111111111111,-82.67750000000001,37.65,3706000942235d
37.10666666666667,-92.41305555555556,574.15,3706040824039d
37.11527777777778,-93.06472222222222,219.34,3706240922447d
37.12,-76.69222222222223,9.51,3706550930353d
37.13666666666666,-80.43861111111111,4.77,3707120764132d
37.14111111111111,-94.46138888888889,570.49,3708120802619d
37.14472222222222,-76.46444444444445,11.69,3708280942741d
37.151944444444446,-93.24472222222222,268.98,3708410762752d
37.17666666666666,-94.28694444444444,292.79,3709070931441d
37.17777777777778,-76.58805555555556,113.82,3710360941713d
37.18944444444444,-78.19555555555556,15.89,3710400763517d
37.19222222222222,-76.68194444444445,87.38,3711220781144d
37.19222222222222,-76.68194444444445,83.56,3711320764055d
37.202222222222225,-76.56972222222223,142.83,3711320764055d
37.202222222222225,-76.56972222222223,142.56,3712080763411d
37.24305555555556,-93.22972222222222,353.91,3712080763411d
37.261944444444445,-76.00944444444444,12.05,3714350931347d
37.263333333333335,-93.24638888888889,18.63,3715430760034d
37.263333333333335,-93.24638888888889,227.84,3715480931447d
37.278888888888886,-77.41277777777778,15.86,3715480931447d
37.28138888888889,-79.9225,18.88,3716440772446d
37.3,-92.16333333333334,267.65,3716530795521d
37.30027777777777,-93.43444444444445,187.14,3718000920948d
37.311388888888885,-81.97833333333334,19.55,3718010932604d
37.34805555555556,-78.82722222222222,1.88,3718410815842d
37.362500000000004,-76.82555555555555,185.66,3720530784938d
37.36388888888889,-79.7063888888889,33.47,3721450764932d
37.36472222222223,-91.53972222222222,64.79,3721500794223d
37.36555555555556,-76.7213888888889,129.07,3721530913223d
37.36555555555556,-76.7213888888889,128.87,3721560764317d
37.367222222222225,-94.61722222222221,239.24,3721560764317d
37.367222222222225,-94.61722222222221,253.19,3722020943702d
37.37305555555555,-80.39666666666668,44.05,3722020943702d
37.373333333333335,-79.71000000000001,9.2,3722230802348d
37.38944444444444,-81.40416666666667,22.87,3722240794236d
37.39388888888889,-94.0911111111111,332.74,3723220812415d
37.4225,-89.60666666666665,165.74,3723380940528d
37.42638888888889,-76.97027777777778,114.45,3725210893624d
37.42638888888889,-76.97027777777778,111.02,3725350765813d
37.42861111111111,-79.49833333333333,14.71,3725350765813d
37.42861111111111,-79.49833333333333,9.84,3725430792954d
37.42944444444444,-76.8913888888889,122.02,3725430792954d
37.43555555555555,-78.67944444444444,24.1,3725460765329d
37.439166666666665,-76.67833333333334,105.75,3726080784046d
37.439166666666665,-76.67833333333334,97.94,3726210764042d
37.439166666666665,-76.67861111111111,41.16,3726210764042d
37.44416666666666,-114.86916666666666,863.29,3726210764043d
37.45138888888889,-75.93305555555555,8.1,3726391145209d
37.45416666666667,-90.85194444444444,18.67,3727050755559d
37.481388888888894,-91.10499999999999,146.93,3727150905107d
37.49277777777778,-76.86277777777777,117.94,3728530910618d
37.49944444444444,-94.26944444444445,297.05,3729340765146d
37.515,-76.97916666666667,96.15,3729580941610d
37.529444444444444,-78.27,33.54,3730540765845d
37.53611111111111,-90.30166666666666,99.29,3731460781612d
37.54277777777778,-80.53361111111111,92.51,3732100901806d
37.543055555555554,-76.80611111111111,12.87,3732340803201d
37.543055555555554,-76.80638888888889,185.12,3732350764822d
37.543055555555554,-76.80638888888889,188.13,3732350764823d
37.543055555555554,-76.80638888888889,192.76,3732350764823d
37.55444444444444,-77.21444444444445,212.12,3732350764823d
37.55444444444444,-77.21444444444445,210.76,3733160771252d
37.599722222222226,-90.1413888888889,164.66,3733160771252d
37.605555555555554,-93.78416666666666,134.36,3735590900829d
37.61472222222223,-91.55027777777778,328.43,3736200934703d
37.61694444444444,-93.25444444444445,58.69,3736530913301d
37.62694444444445,-77.14222222222223,20.14,3737010931516d
37.632777777777775,-79.45444444444445,24.02,3737370770832d
37.641666666666666,-109.47555555555556,63.31,3737580792716d
37.64416666666666,-81.43111111111112,27.2,3738301092832d
37.645833333333336,-118.96166666666667,351.32,3738390812552d
37.645833333333336,-118.96166666666667,351.39,3738451185742d
37.651111111111106,-118.95194444444445,331.52,3738451185742d
37.651111111111106,-118.95194444444445,331.5,3739041185707d
37.65138888888889,-118.95194444444445,492.45,3739041185707d
37.651666666666664,-92.64777777777779,213.25,3739051185707d
37.656666666666666,-77.375,175.78,3739060923852d
37.656666666666666,-77.375,175.7,3739240772230d
37.65833333333333,-118.82111111111111,75.88,3739240772230d
37.665277777777774,-91.11638888888888,189.32,3739301184916d
37.669999999999995,-105.68444444444445,6.68,3739550910659d
37.6975,-85.69222222222223,103.18,3740121054104d
37.715,-94.87916666666666,20.05,3741510854132d
37.74027777777778,-75.66666666666667,49.2,3742540945245d
37.74027777777778,-75.66666666666667,77.97,3744250754000d
37.74027777777778,-75.66666666666667,98.99,3744250754000d
37.74472222222222,-77.205,187.69,3744250754000d
37.74472222222222,-77.205,198.11,3744410771218d
37.74805555555556,-88.43805555555556,6.08,3744410771218d
37.780277777777776,-90.40722222222223,65.2,3744530882617d
37.835,-76.3086111111111,63.8,3746490902426d
37.84722222222222,-109.06333333333333,37.87,3750060761831d
37.88305555555556,-93.30388888888889,49.38,3750501090348d
37.885,-90.21472222222222,314.62,3752590931814d
37.908055555555556,-92.50194444444445,16.77,3753060901253d
37.93805555555555,-90.78166666666667,205.86,3754290923007d
37.94027777777777,-91.80111111111111,189.96,3756170904654d
37.94305555555555,-75.45416666666667,9.24,3756250914804d
37.94305555555555,-75.45416666666667,11.22,3756350752715d
37.94305555555555,-75.45416666666667,18.81,3756350752715d
37.94305555555555,-75.45416666666667,21.74,3756350752715d
37.95638888888889,-75.57888888888888,9.96,3756350752715d
37.96361111111111,-91.79722222222222,368.02,3757230753444d
37.975833333333334,-82.35583333333332,29.8,3757490914750d
37.99111111111111,-84.60555555555555,10.54,3758330822121d
38.010555555555555,-92.74083333333333,259.38,3759280843620d
38.04138888888889,-93.77972222222222,99.68,3800380924427d
38.047777777777775,-79.7911111111111,9.01,3802290934647d
38.05611111111111,-91.24055555555556,144.26,3802520794728d
38.07638888888889,-90.47027777777778,90.64,3803220911426d
38.08361111111111,-90.56527777777778,106.93,3804350902813d
38.091944444444444,-114.89500000000001,844.24,3805010903355d
38.09583333333334,-94.35972222222222,100.62,3805311145342d
38.10444444444445,-75.63527777777779,5.22,3805450942135d
38.10722222222223,-87.57888888888888,22.91,3806160753807d
38.11472222222223,-80.26472222222222,69.72,3806260873444d
38.12138888888889,-92.665,122.56,3806530801553d
38.132777777777775,-87.91944444444445,17.49,3807170923954d
38.132777777777775,-115.3461111111111,796.31,3807580875510d
38.15,-91.26083333333334,213.05,3807581152046d
38.16722222222222,-78.16166666666668,33.57,3809000911539d
38.17916666666667,-91.94666666666667,127.3,3810020780942d
38.18611111111111,-76.91805555555555,78.93,3810450915648d
38.19222222222222,-76.91944444444445,7.04,3811100765505d
38.20472222222222,-91.17916666666667,171.53,3811320765510d
38.234722222222224,-90.43416666666667,94.44,3812170911045d
38.27194444444444,-81.65805555555556,29.66,3814050902603d
38.28111111111111,-93.36527777777778,72.37,3816190813929d
38.33222222222223,-76.46472222222222,151.96,3816520932155d
38.33555555555556,-80.49111111111111,24.45,3819560762753d
38.34388888888889,-75.11638888888888,5.88,3820080802928d
38.346111111111114,-112.99083333333333,93.21,3820380750659d
38.35,-90.99111111111111,63.31,3820461125927d
38.36388888888889,-78.71111111111111,71.92,3821000905928d
38.36555555555556,-85.64,34.18,3821500784240d
38.36805555555556,-82.5125,34.14,3821560853824d
38.37083333333334,-75.07194444444444,11.7,3822050823045d
38.38972222222222,-86.07916666666667,11.01,3822150750419d
38.38972222222222,-104.33527777777778,21.99,3823230860445d
38.390277777777776,-75.10916666666667,7.56,3823231042007d
38.401944444444446,-76.43416666666667,238.05,3823250750633d
38.411944444444444,-75.05972222222222,5.87,3824070762603d
38.42305555555555,-78.89861111111112,20.81,3824430750335d
38.430277777777775,-76.43361111111112,116.66,3825230785355d
38.44305555555555,-75.05166666666666,12.51,3825490762601d
38.45722222222223,-93.20444444444445,55.4,3826350750306d
38.462500000000006,-91.46583333333334,151.88,3827260931216d
38.46333333333334,-93.9975,106.03,3827450912757d
38.47666666666667,-91.83972222222222,320.41,3827480935951d
38.50861111111111,-90.64472222222223,220.09,3828360915023d
38.513333333333335,-89.44222222222223,4.54,3830310903841d
38.54055555555556,-92.09444444444443,179.64,3830480892632d
38.54416666666666,-76.595,211.67,3832260920540d
38.546388888888885,-87.60277777777777,10.22,3832390763542d
38.550555555555555,-90.70055555555555,182.66,3832470873610d
38.56333333333333,-76.68694444444445,77.19,3833020904202d
38.56333333333333,-76.68694444444445,83.13,3833480764113d
38.573055555555555,-77.41638888888889,7.19,3833480764113d
38.59722222222222,-92.16166666666668,20.23,3834230772459d
38.60777777777778,-90.68861111111111,97.37,3835500920942d
4.400833333333333,-808.3508333333334,32.71,3836280904119d
38.61222222222222,-91.21361111111112,43.23,	383638082103d
38.61638888888889,-86.91638888888889,25.89,3836440911249d
38.618611111111115,-92.5213888888889,240.86,3836590865459d
38.625,-75.35972222222222,11.98,3837070923117d
38.629444444444445,-76.80805555555555,4.81,3837300752135d
38.651666666666664,-90.85388888888889,40.59,3837460764829d
38.658055555555556,-92.78027777777778,122.95,3839060905114d
38.65833333333333,-122.83,19.12,3839290924649d
38.69638888888888,-93.17194444444445,176.87,3839301224948d
38.71611111111111,-91.40833333333335,20.11,3841470931019d
38.725833333333334,-76.66305555555556,175.3,3842580912430d
38.74861111111111,-93.33611111111111,272.51,3843330763947d
38.75944444444445,-93.71972222222223,148.91,3844550932010d
38.7625,-93.55444444444444,176.59,3845340934311d
38.786944444444444,-91.79527777777777,244.44,3845450933316d
38.79361111111111,-90.62222222222222,91.15,3847130914743d
38.80583333333333,-78.78972222222222,13.55,3847370903720d
38.80888888888889,-93.3236111111111,189.72,3848210784723d
38.812777777777775,-90.85083333333333,230.68,3848320931925d
38.81361111111111,-90.15555555555557,16.78,3848460905103d
38.82138888888889,-91.99555555555555,371.7,3848490900920d
38.83083333333334,-87.34027777777777,13.48,3849170915944d
38.8325,-77.80472222222222,22.55,3849510872025d
38.844722222222224,-75.66555555555556,13.59,3849570774817d
38.907777777777774,-91.44722222222222,361.38,3850410753956d
38.90888888888889,-91.57555555555555,253.92,3854280912650d
38.919999999999995,-88.19,4.56,3854320913432d
38.9225,-114.84333333333333,433.95,3855120881124d
38.93527777777778,-77.6363888888889,9.95,3855211145036d
38.943888888888885,-77.36694444444444,14.99,3856070773811d
38.955000000000005,-92.39500000000001,169.79,3856380772201d
38.97694444444445,-90.99638888888889,368.75,3857180922342d
38.97916666666667,-90.97722222222222,190.27,3858370905947d
38.98027777777778,-79.94416666666667,45.28,3858450905838d
39.03055555555555,-90.90777777777778,251.17,3858490795639d
39.032222222222224,-74.89277777777778,12.77,3901500905428d
39.03527777777778,-92.95222222222222,59.32,3901560745334d
39.05916666666666,-78.61888888888888,14.67,3902070925708d
39.06333333333333,-78.06527777777778,37.8,3903330783708d
39.10638888888889,-77.52833333333334,33.3,3903480780355d
39.11416666666667,-92.21416666666667,403.76,3906230773142d
39.12777777777778,-103.09944444444444,48.09,3906510921251d
39.12861111111111,-77.84583333333333,29.9,3907401030558d
39.13055555555555,-93.39277777777778,85.42,3907430775045d
4.523333333333333,-108.4263888888889,22.93,3907500932334d
39.15694444444444,-111.76472222222222,19.32,	390841082535d
39.1625,-91.82777777777777,333.97,3909251114553d
39.1625,-94.39444444444445,32.24,3909450914940d
39.163333333333334,-78.00444444444445,38.86,3909450942340d
39.17222222222222,-80.4113888888889,42.98,3909480780016d
39.19694444444444,-92.12472222222222,379.58,3910200802441d
39.20611111111111,-93.31527777777778,56.06,3911490920729d
39.21,-94.28388888888888,11.51,3912220931855d
39.21888888888889,-81.11166666666666,27.02,3912360941702d
39.26166666666666,-77.71055555555556,59.83,3913080810642d
39.274166666666666,-85.89555555555556,17.82,3915420774238d
39.30694444444444,-91.48083333333334,92.78,3916270855344d
39.31805555555556,-84.63611111111112,32.93,3918250912851d
39.32222222222222,-78.05611111111111,30.15,3919050843810d
39.325833333333335,-75.73055555555555,7.85,3919200780322d
4.533611111111111,-608.3866666666667,51.3,3919330754350d
39.339444444444446,-85.62166666666666,4.2,	392016082272d
39.34583333333334,-93.50666666666666,10.42,3920220853718d
39.35111111111111,-77.93,22.28,3920450933024d
39.363055555555555,-90.90527777777778,45.78,3921040775548d
39.36666666666667,-78.8888888888889,25.83,3921470905419d
39.376666666666665,-84.56333333333333,11.28,3922000785320d
39.38916666666667,-92.26083333333334,117.38,3922360843348d
39.39333333333333,-94.91777777777779,14.91,3923210921539d
4.548611111111111,-308.22249999999997,29.56,3923360945504d
39.43666666666666,-86.38333333333334,61.62,	392553081281d
39.456944444444446,-77.97333333333333,48.78,3926120862300d
39.45861111111111,-75.15666666666667,5.46,3927250775824d
39.45888888888889,-75.15666666666667,5.46,3927310750924d
39.45916666666667,-75.15666666666667,176.76,3927320750924d
39.465833333333336,-77.83611111111111,48.94,3927330750924d
39.46888888888889,-84.47666666666667,30.67,3927570775010d
39.47027777777778,-92.21305555555556,134.91,3928080842836d
39.47222222222222,-87.40722222222223,42.39,3928130921247d
39.48388888888889,-84.43305555555555,12.16,3928200872426d
39.49194444444444,-76.68416666666667,38.27,3929020842559d
4.554166666666666,-308.55611111111114,7.89,3929310764103d
39.55277777777778,-114.79722222222222,12.96,	393153083322d
39.555,-84.31694444444445,18.99,3933101144750d
39.55916666666666,-74.74,37.65,3933180841901d
39.573055555555555,-86.26944444444445,13.33,3933330744424d
39.589444444444446,-85.93166666666667,12.3,3934230861610d
39.595555555555556,-93.13222222222221,21.29,3935220855554d
39.60444444444445,-86.22916666666667,14.28,3935440930756d
39.60527777777778,-87.075,15.0,3936160861345d
39.63027777777778,-79.3175,15.02,3936190870430d
39.63055555555555,-90.5586111111111,6.5,3937490791903d
39.63444444444444,-116.28277777777778,-1.86,3937500903331d
39.63444444444444,-116.28277777777778,5.66,3938041161658d
39.6475,-77.575,45.58,3938041161658d
39.650555555555556,-103.92777777777778,12.6,3938510773430d
39.657777777777774,-113.87388888888889,31.83,3939021035540d
39.661944444444444,-85.81916666666666,18.82,3939281135226d
39.66638888888889,-79.93305555555555,97.72,3939430854909d
39.66888888888889,-77.01555555555555,3.11,3939590795559d
39.67027777777778,-93.66722222222222,18.81,3940080770056d
4.567222222222222,-508.7005555555556,23.55,3940130934002d
39.67666666666666,-116.30944444444444,38.8,	394025084162d
39.69888888888889,-92.05055555555555,27.14,3940361161834d
39.70027777777778,-93.30305555555556,15.29,3941560920302d
39.71,-75.45583333333333,12.38,3942010931811d
39.73166666666667,-75.04972222222221,16.08,3942360752721d
39.74055555555556,-85.135,15.86,3943540750259d
39.74166666666667,-77.38055555555555,94.21,3944260850806d
4.578611111111111,-808.7263888888889,33.09,3944300772250d
39.745,-84.18777777777778,102.36,	394438084335d
39.775555555555556,-86.1575,35.43,3944420841116d
39.78194444444444,-80.0286111111111,28.68,3946320860927d
39.79861111111111,-78.23055555555555,50.14,3946550800143d
39.81194444444444,-79.58722222222222,23.69,3947550781350d
39.82083333333334,-84.17583333333334,26.01,3948430793514d
39.825833333333335,-81.73805555555556,30.74,3949150841033d
39.82777777777778,-85.76694444444445,24.67,3949330814417d
39.83111111111111,-86.18583333333333,17.58,3949400854601d
39.84527777777778,-91.44055555555556,23.69,3949520861109d
39.86,-108.35,59.83,3950430912626d
39.86388888888889,-74.47833333333334,21.72,3951361082100d
39.87305555555555,-86.36166666666666,5.33,3951500742842d
39.87305555555555,-86.36166666666666,4.08,3952230862142d
39.87305555555555,-86.36166666666666,5.49,3952230862142d
39.87916666666667,-86.45972222222223,100.25,3952230862142d
39.88777777777778,-83.99194444444444,0.77,3952450862735d
39.88944444444444,-77.61472222222221,77.33,3953160835931d
39.89861111111111,-95.08777777777777,3.81,3953220773653d
39.913888888888884,-75.815,12.19,3953550950516d
39.919999999999995,-75.49361111111111,7.34,3954500754854d
39.97944444444445,-77.06833333333333,11.95,3955120752937d
4.6066666666666665,-708.6902777777777,10.1,3958460770406d
39.98888888888889,-79.0375,24.17,	395847084085d
39.99111111111111,-74.84083333333332,5.89,3959200790215d
40.0,-86.04222222222222,22.6,3959280745027d
40.01777777777777,-86.04194444444444,51.84,4000000860232d
40.018055555555556,-93.98777777777778,77.84,4001040860231d
40.02166666666667,-86.04694444444445,88.01,4001050935916d
40.03194444444444,-101.87027777777777,19.3,4001180860249d
40.03583333333333,-77.30916666666667,19.08,4001551015213d
40.03805555555555,-78.47194444444445,24.83,4002090771833d
40.04222222222222,-74.35888888888888,27.16,4002170782819d
40.0425,-80.43694444444445,35.34,4002320742132d
40.046388888888885,-86.80583333333333,37.48,4002330802613d
40.0475,-94.81638888888888,9.04,4002470864821d
40.08277777777778,-93.97222222222223,133.38,4002510944859d
40.092222222222226,-86.31083333333333,50.95,4004580935820d
40.09444444444445,-82.90111111111112,20.63,4005320861839d
40.11138888888889,-85.69361111111111,16.35,4005400825404d
40.154444444444444,-76.82305555555556,19.71,4006410854137d
40.1825,-91.82916666666667,62.4,4009160764923d
40.18944444444444,-84.24277777777777,6.88,4010570914945d
40.19916666666666,-75.05555555555556,31.8,4011220841434d
40.20444444444445,-80.60749999999999,39.01,4011570750320d
40.22,-112.73972222222223,75.23,4012160803627d
40.245555555555555,-93.7388888888889,4.2,4013121124423d
40.257777777777775,-119.78472222222221,252.97,4014440934420d
40.25888888888889,-85.14805555555556,11.03,4015281194705d
40.276944444444446,-76.12083333333332,10.49,4015320850853d
40.281666666666666,-88.35555555555555,46.7,4016370760715d
40.281666666666666,-88.35555555555555,9.46,4016540882120d
4.036111111111111,-708.6841666666667,61.26,4016540882120d
40.2925,-75.28722222222223,7.94,	401707084103d
40.301111111111105,-74.7238888888889,30.44,4017330751714d
40.31194444444444,-78.13166666666666,53.47,4018040744326d
40.32222222222222,-92.2175,26.52,4018430780754d
40.322500000000005,-89.4725,33.19,4019200921303d
40.322500000000005,-89.4725,6.99,4019210892821d
40.36055555555556,-79.05499999999999,16.4,4019210892821d
40.36194444444445,-74.31444444444445,2.65,4021380790318d
40.36416666666667,-74.88138888888888,2.8,4021430741852d
40.368611111111115,-76.30222222222221,8.98,4021510745253d
40.38194444444444,-76.70555555555556,9.61,4022070761808d
40.38666666666666,-109.91583333333334,11.98,4022550764220d
40.38944444444444,-85.80527777777777,3.91,4023121095457d
40.403055555555554,-77.63,12.94,4023220854819d
40.41444444444444,-78.45361111111112,10.51,4024110773748d
40.43138888888889,-74.45472222222223,15.49,4024520782713d
40.43277777777777,-87.58749999999999,22.32,4025530742717d
40.4375,-75.88472222222222,134.07,4025580873515d
40.43833333333333,-95.37416666666665,17.22,4026150755305d
40.44083333333333,-95.36833333333333,5.27,4026180952227d
40.445277777777775,-75.25138888888888,39.7,4026270952206d
40.44916666666666,-93.78388888888888,13.15,4026430751505d
40.45944444444445,-87.05944444444444,20.96,4026570934702d
40.459722222222226,-77.16916666666667,11.63,4027340870334d
40.46388888888889,-78.75611111111111,7.8,4027350771009d
40.48083333333334,-87.35972222222222,15.08,4027500784522d
40.501666666666665,-80.42305555555556,8.59,4028510872135d
40.515277777777776,-94.61305555555555,9.14,4030060802523d
40.54055555555556,-75.575,5.45,4030550943647d
40.55027777777777,-94.82305555555556,2.02,4032260753430d
40.56861111111112,-86.29916666666666,7.4,4033010944923d
40.57472222222223,-75.65666666666667,58.54,4034070861757d
40.58111111111111,-92.49138888888889,11.14,4034290753924d
40.581944444444446,-74.86333333333333,9.5,4034520922929d
40.588055555555556,-74.75694444444444,19.03,4034550745148d
40.621944444444445,-75.155,6.32,4035170744525d
40.626111111111115,-80.10833333333333,6.42,4037190750918d
40.63138888888889,-96.96944444444445,17.81,4037340800630d
40.64333333333333,-85.62888888888888,115.96,4037530965810d
40.66083333333333,-76.98611111111111,18.76,4038360853744d
40.665,-99.25583333333333,10.06,4039390765910d
40.684999999999995,-74.28861111111111,5.71,4039540991521d
40.69444444444444,-77.59444444444443,52.9,4041060741719d
40.71083333333333,-76.60555555555555,17.3,4041400773540d
40.72527777777778,-85.11305555555555,24.76,4042390763620d
40.728611111111114,-99.45805555555556,16.75,4043310850647d
40.75361111111111,-98.30333333333333,55.02,4043430992729d
40.75361111111111,-98.30333333333333,54.66,4045130981812d
40.76555555555556,-77.88083333333333,82.18,4045130981812d
40.77166666666667,-98.84555555555555,19.49,4045560775251d
4.084444444444444,-808.57,9.2,4046180985044d
4.084722222222222,-508.26472222222225,44.26,	404648083412d
40.785555555555554,-76.11861111111111,48.54,	404655081553d
40.78805555555555,-99.76805555555555,8.52,4047080760707d
40.795833333333334,-75.3111111111111,39.55,4047170994605d
40.801111111111105,-96.67583333333334,22.88,4047450751840d
40.82611111111112,-74.66805555555555,5.65,4048040964033d
40.83027777777778,-99.74916666666667,14.26,4049340744005d
40.83722222222222,-99.98611111111111,9.05,4049490994457d
40.84444444444445,-98.64583333333334,37.34,4050140995910d
40.855000000000004,-99.86361111111111,9.22,4050400983845d
40.85805555555556,-99.15055555555556,133.87,4051180995149d
40.86027777777778,-99.14777777777779,134.24,4051290990902d
4.089166666666666,-508.72638888888883,26.53,4051370990852d
40.87416666666667,-98.28222222222222,8.22,	405215084335d
40.8875,-98.51194444444444,15.71,4052270981656d
40.888888888888886,-78.81083333333333,32.95,4053150983043d
40.89555555555555,-79.63388888888889,20.08,4053200784839d
40.90972222222222,-98.7238888888889,69.74,4053440793802d
40.9125,-100.12777777777777,4.96,4054350984326d
40.91416666666667,-91.80916666666667,16.66,4054451000740d
40.9175,-98.73833333333333,129.38,4054510914833d
40.94222222222222,-98.62638888888888,29.65,4055030984418d
40.96055555555556,-99.84583333333333,32.1,4056320983735d
40.974722222222226,-86.29944444444445,10.57,4057380995045d
4.1066666666666665,-308.2061111111111,38.21,4058290861758d
40.981944444444444,-98.64166666666668,98.96,	405843081182d
40.981944444444444,-100.1275,59.36,4058550983830d
40.98388888888889,-87.2375,33.92,4058551000739d
40.99111111111111,-77.19861111111112,35.68,4059020871415d
41.00694444444444,-73.75777777777778,23.02,4059280771155d
41.01583333333333,-95.13083333333333,13.17,4100250734528d
41.01722222222222,-98.62833333333333,68.49,4100570950751d
41.02305555555555,-75.715,40.36,4101020983742d
41.031666666666666,-99.66305555555556,43.92,4101230754254d
41.032222222222224,-98.74055555555556,9.42,4101540993947d
41.03527777777778,-74.45,3.84,4101560984426d
41.04666666666667,-99.27972222222222,108.37,4102070742700d
41.06027777777778,-85.44500000000001,52.59,4102480991647d
41.074444444444445,-87.3875,20.84,4103370852642d
41.08027777777778,-74.80916666666667,21.08,4104280872315d
41.08361111111111,-79.87888888888888,17.84,4104490744833d
41.09388888888889,-80.46888888888888,16.75,4105010795244d
41.105000000000004,-98.19277777777778,7.45,4105380802808d
41.1075,-78.52666666666667,23.29,4106180981134d
41.10777777777778,-73.69250000000001,26.87,4106270783136d
41.11805555555556,-76.56361111111111,23.15,4106280734133d
41.12416666666667,-76.67472222222223,29.93,4107050763349d
41.1275,-86.61444444444444,10.75,4107270764029d
41.14805555555556,-73.92777777777778,6.96,4107390863652d
41.153888888888886,-74.90111111111112,18.32,4108530735540d
41.161944444444444,-97.96388888888889,6.53,4109140745404d
41.168055555555554,-96.47083333333333,40.04,4109430975750d
41.190555555555555,-99.70694444444445,1.97,4110050962815d
41.20638888888889,-75.39694444444446,9.68,4111260994225d
41.236666666666665,-105.45555555555556,38.0,4112230752349d
41.23916666666667,-73.80333333333333,12.17,4114121052720d
41.24,-77.77277777777778,48.45,4114210734812d
4.195277777777778,-808.1902777777777,76.61,4114240774622d
41.2925,-96.31527777777778,4.18,	411438081085d
41.29277777777778,-78.87249999999999,31.78,4117330961855d
41.29333333333333,-96.28388888888888,13.86,4117340785221d
41.29388888888889,-97.44527777777778,15.31,4117360961702d
41.29888888888889,-76.27416666666666,31.86,4117380972643d
41.299166666666665,-96.34027777777777,6.84,4117560761627d
41.300555555555555,-73.99166666666667,16.35,4117570962025d
41.305277777777775,-82.8275,56.34,4118020735930d
41.30888888888889,-72.54861111111111,4.91,4118190824939d
41.30916666666666,-75.22666666666667,34.35,4118320723255d
41.3125,-96.35333333333332,3.98,4118330751336d
41.3175,-96.41527777777779,8.53,4118450962112d
41.319722222222225,-96.40444444444445,5.19,4119030962455d
41.32277777777778,-85.37166666666666,31.48,4119110962416d
41.33277777777778,-79.90055555555556,118.46,4119220852218d
41.33888888888889,-79.2275,35.93,4119580795402d
41.36361111111111,-73.74888888888889,13.38,4120200791339d
41.365,-71.77472222222222,12.48,4121490734456d
41.38444444444444,-84.735,58.23,4121540714629d
41.385,-84.4,33.81,4123040844406d
41.39194444444444,-81.20833333333334,13.21,4123060842400d
41.39611111111111,-70.59277777777777,18.97,4123310811230d
41.39722222222222,-86.85777777777777,6.4,4123460703534d
41.4075,-76.99555555555555,99.04,4123500865128d
41.408055555555556,-73.28083333333333,4.2,4124270765944d
41.41611111111111,-78.5461111111111,4.47,4124290731651d
41.422777777777775,-100.20333333333333,3.05,4124580783246d
41.44361111111111,-74.60638888888889,6.1,4125221001212d
41.452222222222225,-76.25055555555555,42.62,4126370743623d
41.45388888888889,-73.55361111111111,2.26,4127080761502d
41.45888888888889,-78.06166666666667,21.67,4127140733313d
41.46083333333333,-80.17833333333334,25.1,4127320780342d
41.4675,-84.80111111111111,24.73,4127390801042d
41.473055555555554,-79.05166666666666,7.61,4128030844804d
41.47361111111111,-72.68472222222222,10.28,4128230790306d
41.47888888888889,-71.70777777777778,33.08,4128250724105d
41.47944444444445,-74.78388888888888,10.23,4128440714228d
41.48777777777778,-73.20472222222223,12.52,4128460744702d
41.48833333333334,-71.53611111111111,11.76,4129160731217d
41.492222222222225,-71.6286111111111,6.91,4129180713210d
41.507222222222225,-76.59138888888889,26.78,4129320713743d
4.219444444444445,-808.7375000000001,8.31,4130260763529d
41.5225,-85.80361111111111,14.35,	413108084415d
41.525,-100.88666666666667,101.49,4131210854813d
41.547777777777775,-71.54333333333334,9.4,4131301005312d
41.562777777777775,-75.70361111111112,54.91,4132520713236d
41.566111111111105,-71.72722222222222,15.0,4133460754213d
41.574444444444445,-74.14916666666667,3.7,4133580714338d
41.57527777777778,-83.87638888888888,13.22,4134280740857d
41.59305555555556,-72.42694444444444,4.27,4134310835235d
41.595,-80.41388888888889,49.14,4135350722537d
41.599722222222226,-87.45083333333334,1.89,4135420802450d
41.62861111111111,-89.51694444444445,7.93,4135590872703d
41.62861111111111,-89.51694444444445,25.9,4137430893101d
41.63361111111111,-70.54083333333332,6.65,4137430893101d
41.63666666666666,-84.7461111111111,43.2,4138010703227d
41.63666666666666,-84.7461111111111,44.3,4138120844446d
41.65833333333333,-70.31916666666666,25.23,4138120844446d
41.66444444444444,-84.43666666666667,29.94,4139300701909d
41.66444444444444,-84.43666666666667,31.16,4139520842612d
41.683611111111105,-70.01944444444445,27.86,4139520842612d
41.69,-70.52055555555556,16.85,4141010700110d
41.69027777777777,-70.44972222222222,47.71,4141240703114d
41.691111111111105,-73.79777777777778,13.66,4141250702659d
41.69138888888889,-70.60388888888889,32.16,4141280734752d
41.69416666666666,-70.52083333333333,30.45,4141290703614d
41.69972222222222,-70.51805555555555,97.59,4141390703115d
41.69972222222222,-79.36,41.98,4141590703105d
41.70055555555556,-86.06388888888888,9.2,4141590792136d
41.70055555555556,-86.06388888888888,9.54,4142020860350d
41.70138888888889,-70.56305555555555,172.13,4142020860350d
41.70527777777778,-70.52666666666667,101.52,4142050703347d
41.71,-112.17,23.91,4142190703136d
41.711111111111116,-72.05888888888889,11.45,4142361121012d
41.72083333333334,-91.42222222222223,17.84,4142400720332d
41.72166666666667,-85.335,13.97,4143150912520d
41.725,-76.46805555555555,7.69,4143180852006d
41.725833333333334,-75.25888888888889,23.41,4143300762805d
41.734722222222224,-70.5225,123.99,4143330751532d
41.74138888888889,-74.08888888888889,24.33,4144050703121d
41.74861111111111,-70.54916666666666,160.87,4144290740520d
41.75361111111111,-77.56027777777777,30.53,4144550703257d
41.75694444444444,-74.60166666666666,8.54,4145130773337d
41.76861111111111,-102.44250000000001,1.76,4145250743606d
41.775555555555556,-70.03027777777778,32.06,4146071022633d
41.77777777777778,-77.82722222222222,17.88,4146320700149d
41.78666666666666,-71.29722222222222,3.34,4146400774938d
41.79361111111111,-73.94250000000001,67.43,4147120711750d
41.79472222222222,-72.22916666666667,2.82,4147370735633d
41.808611111111105,-72.29166666666667,14.71,4147410721345d
41.830000000000005,-74.06388888888888,16.12,4148310721730d
41.83111111111111,-100.10083333333333,4.2,4149480740350d
41.839444444444446,-96.7286111111111,13.77,4149521000603d
41.86388888888889,-78.36777777777777,101.8,4150220964343d
41.874722222222225,-70.92861111111111,8.23,4151500782204d
41.888888888888886,-75.75111111111111,67.54,4152290705543d
41.89833333333333,-69.98111111111112,12.45,4153200754504d
41.91083333333333,-93.16333333333334,13.79,4153540695852d
41.914722222222224,-70.73027777777779,22.03,4154390930948d
41.93111111111111,-70.05472222222222,1.88,4154530704349d
41.933055555555555,-98.01444444444445,94.76,4155520700317d
41.93527777777778,-80.07944444444443,17.37,4155590980052d
41.99888888888889,-73.40416666666667,10.27,4156070800446d
42.03444444444444,-101.33472222222221,3.94,4159560732415d
42.035,-70.08305555555555,11.2,4202041012005d
42.03666666666666,-95.39916666666667,25.17,4202060700459d
42.05138888888889,-72.97055555555556,3.88,4202120952357d
42.05444444444444,-70.72638888888889,9.86,4203050725814d
42.055,-121.52277777777778,317.71,4203160704335d
42.05722222222222,-79.49944444444445,2.11,4203181213122d
42.06388888888888,-73.32666666666667,11.5,4203260792958d
42.0825,-88.18277777777779,71.98,4203500731936d
42.09166666666667,-78.74777777777778,6.31,4204570881058d
42.095555555555556,-71.2936111111111,5.7,4205300784452d
42.10277777777778,-71.7038888888889,3.01,4205440711737d
42.10527777777778,-76.86444444444444,23.59,4206100714214d
42.11944444444445,-77.08916666666666,73.84,4206190765152d
42.1375,-76.26527777777778,41.42,4207100770521d
42.140277777777776,-123.06777777777778,39.64,4208150761555d
42.14111111111111,-76.81277777777777,22.63,4208251230404d
42.169999999999995,-72.54527777777777,22.27,4208280764846d
42.17666666666666,-88.09583333333333,150.73,4210120723243d
42.18222222222222,-88.63555555555556,9.48,4210360880545d
42.18888888888888,-88.47166666666666,29.74,4210560883808d
42.18944444444444,-88.37416666666665,23.49,4211200882818d
42.18944444444444,-88.37416666666665,24.52,4211220882227d
42.193888888888885,-75.8536111111111,23.12,4211220882227d
42.19583333333333,-88.33,1.95,4211380755113d
42.19583333333333,-88.33,90.78,4211450881948d
42.19916666666666,-75.89833333333334,66.55,4211450881948d
42.20277777777778,-98.67222222222223,8.53,4211570755354d
42.203611111111115,-76.52583333333334,16.13,4212100984020d
42.20472222222222,-79.31,1.58,4212130763133d
42.211111111111116,-72.81722222222221,0.76,4212170791836d
42.21138888888889,-88.17166666666667,22.98,4212400724902d
42.222500000000004,-88.56972222222223,74.91,4212410881018d
42.22555555555556,-85.67194444444445,4.89,4213210883411d
42.22555555555556,-85.67194444444445,8.91,4213320854019d
42.22805555555556,-88.47694444444444,10.88,4213320854019d
42.22805555555556,-88.47694444444444,10.86,4213410882837d
42.236111111111114,-72.1363888888889,18.48,4213410882837d
42.24388888888889,-71.28222222222222,32.12,4214100720811d
42.25333333333333,-77.7911111111111,5.19,4214380711656d
42.259166666666665,-88.705,6.67,4215120774728d
42.26222222222222,-78.03694444444444,-1.52,4215330884218d
42.26305555555555,-88.23972222222223,93.77,4215440780213d
42.26555555555556,-75.47111111111111,7.67,4215470881423d
42.27388888888889,-88.52055555555556,5.79,4215560752816d
42.278055555555554,-85.585,4.27,4216260883114d
42.28138888888889,-88.61916666666666,21.58,4216410853506d
42.28138888888889,-88.61916666666666,30.45,4216530883709d
42.29611111111111,-74.30055555555555,6.24,4216530883709d
42.296388888888885,-88.45194444444445,80.31,4217460741802d
42.30361111111111,-115.93277777777779,21.72,4217470882707d
42.30555555555555,-88.2625,48.36,4218131155558d
42.31472222222222,-71.36805555555554,15.26,4218200881545d
42.3175,-74.25638888888889,16.41,4218530712205d
42.32055555555556,-88.21472222222222,23.0,4219030741523d
42.323055555555555,-72.75277777777778,9.82,4219140881253d
42.330000000000005,-74.81027777777777,4.95,4219230724510d
42.330000000000005,-74.81027777777777,0.69,4219480744837d
42.342222222222226,-88.37222222222222,35.71,4219480744837d
42.348888888888894,-85.35472222222222,10.79,4220320882220d
42.349444444444444,-72.14750000000001,16.56,4220560852117d
42.350833333333334,-72.40305555555557,3.73,4220580720851d
42.355555555555554,-88.5525,36.34,4221030722411d
42.361666666666665,-88.50861111111111,40.22,4221200883309d
42.361666666666665,-88.50861111111111,40.38,4221420883031d
42.361666666666665,-88.50861111111111,41.24,4221420883031d
42.36388888888889,-97.67333333333333,25.34,4221420883031d
42.378055555555555,-73.46277777777777,9.91,4221500974024d
42.38,-71.60666666666665,18.35,4222410732746d
42.385555555555555,-88.33222222222221,15.35,4222480713624d
42.385555555555555,-88.33222222222221,57.29,4223080881956d
42.385555555555555,-88.38611111111112,8.93,4223080881956d
42.385555555555555,-88.38611111111112,19.23,4223080882310d
42.385555555555555,-88.44500000000001,12.45,4223080882310d
42.38972222222222,-76.3175,12.61,4223080882642d
42.39472222222222,-71.78027777777778,4.97,4223230761903d
42.39944444444444,-88.60055555555554,35.52,4223410714649d
42.409166666666664,-88.235,36.96,4223580883602d
42.4125,-77.3425,7.52,4224330881406d
42.43944444444444,-73.68583333333333,9.41,4224450772033d
42.45055555555556,-79.01416666666667,28.54,4226220734109d
42.45111111111111,-88.64805555555556,7.98,4227020790051d
42.45277777777778,-76.77472222222222,6.53,4227040883853d
42.45916666666667,-72.89055555555557,4.5,4227100764629d
42.462500000000006,-73.1888888888889,14.36,4227330725326d
42.467222222222226,-97.05444444444444,3.65,4227450731120d
42.47,-71.41222222222223,16.54,4228020970316d
42.474444444444444,-88.55916666666667,223.23,4228120712444d
42.47916666666667,-88.48166666666667,28.14,4228280883333d
42.480000000000004,-88.31944444444444,10.61,4228450882854d
42.480000000000004,-88.31944444444444,16.64,4228480881910d
42.48027777777778,-99.87083333333332,6.56,4228480881910d
42.48277777777778,-88.39888888888889,30.92,4228490995215d
42.48388888888889,-76.79944444444445,27.76,4228580882356d
42.485,-72.21194444444444,13.09,4229020764758d
42.48888888888889,-76.46472222222222,3.99,4229060721243d
42.49027777777778,-88.43166666666667,-10.22,4229200762753d
42.51611111111111,-71.04833333333333,5.77,4229250882554d
42.52861111111111,-76.9738888888889,3.49,4230580710254d
42.53,-98.50166666666667,42.62,4231430765826d
42.549166666666665,-71.41027777777778,10.72,4231480983006d
42.566944444444445,-71.16055555555556,7.03,4232570712437d
42.56944444444445,-75.67444444444445,34.29,4234010710938d
42.573055555555555,-83.54444444444444,4.34,4234100754028d
42.57805555555556,-72.28527777777778,6.84,4234230833240d
42.585,-70.82055555555556,1.01,4234410721707d
42.59166666666667,-74.32138888888889,9.3,4235060704914d
42.59277777777778,-73.70944444444444,35.5,4235300741917d
42.62083333333334,-72.07444444444444,3.42,4235340734234d
42.625,-98.93333333333334,32.13,4237150720428d
42.62861111111111,-78.11888888888888,12.52,4237300985600d
42.63611111111111,-72.73166666666667,12.68,4237430780708d
42.64083333333333,-76.06638888888888,4.81,4238100724354d
42.67333333333333,-76.96333333333334,4.37,4238270760359d
42.68194444444444,-71.73138888888889,11.88,4240240765748d
42.6825,-72.0175,25.16,4240550714353d
42.6875,-73.83138888888888,7.63,4240570720103d
42.69333333333333,-75.0475,5.85,4241150734953d
42.69944444444444,-76.42194444444445,19.22,4241360750251d
42.70111111111111,-72.03111111111112,4.44,4241580762519d
42.71361111111111,-72.82527777777777,19.24,4242040720152d
42.719722222222224,-73.71083333333334,6.06,4242490724931d
42.72972222222222,-76.88388888888889,1.51,4243110734239d
42.735,-78.13138888888888,2.09,4243470765302d
42.74777777777778,-76.13861111111112,4.26,4244060780753d
42.75555555555555,-70.94,4.69,4244520760819d
42.766666666666666,-74.46138888888889,27.8,4245200705624d
42.811388888888885,-71.01138888888889,11.24,4245600742741d
42.81638888888889,-73.98194444444445,5.23,4248410710041d
42.8425,-74.89,104.16,4248590735855d
42.84666666666667,-73.79027777777777,1.53,4250330745324d
42.90888888888889,-73.39277777777778,13.63,4250480734725d
42.913333333333334,-76.58333333333333,10.02,4254320732334d
42.91972222222222,-74.42777777777778,32.99,4254480763500d
42.93527777777778,-88.29166666666667,7.41,4255110742540d
42.94,-74.35166666666666,10.32,4256070881730d
42.95111111111111,-78.60166666666666,10.93,4256240742106d
42.9675,-77.25333333333333,2.0,4257040783606d
42.972500000000004,-76.77027777777778,0.51,4258030771512d
42.975833333333334,-77.84416666666667,10.15,4258210764613d
42.97777777777778,-77.2275,2.68,4258330775039d
42.97888888888889,-77.8913888888889,41.29,4258400771339d
42.97944444444445,-75.84583333333333,124.15,4258440775329d
42.98694444444445,-78.14861111111112,34.65,4258460755045d
43.001666666666665,-78.77805555555555,18.89,4259130780855d
43.0075,-102.52166666666666,42.25,4300060784641d
43.0075,-102.52166666666666,53.77,4300271023118d
43.01555555555556,-75.59472222222222,6.25,4300271023118d
43.02222222222222,-73.38944444444445,10.87,4300560753541d
43.0225,-74.875,47.74,4301200732322d
43.029444444444444,-78.17027777777778,8.78,4301210745230d
43.03138888888889,-100.88611111111112,21.05,4301460781013d
43.031666666666666,-100.68833333333333,9.37,4301531005310d
43.034166666666664,-91.83666666666666,7.98,4301541004118d
43.04527777777778,-76.30111111111111,10.83,4302030915012d
43.04527777777778,-76.30111111111111,11.7,4302430761804d
43.047777777777775,-77.47611111111111,8.44,4302430761804d
43.05305555555555,-77.08749999999999,11.86,4302520772834d
43.053888888888885,-100.62222222222222,45.04,4303110770515d
43.0575,-73.79833333333333,40.32,4303141003720d
43.06027777777778,-100.4088888888889,27.72,4303270734754d
43.086111111111116,-93.71416666666667,3.53,4303371002432d
43.12,-100.70361111111112,52.27,4305100934251d
43.12388888888889,-101.05972222222222,28.43,4307121004213d
43.1275,-78.84083333333332,0.48,4307261010335d
43.15361111111111,-77.17527777777778,9.99,4307390785027d
43.156666666666666,-78.40361111111112,40.08,4309130771031d
43.15833333333333,-74.48416666666667,3.67,4309240782413d
43.175,-73.32249999999999,5.72,4309300742903d
43.17916666666667,-78.26777777777778,21.38,4310300731921d
43.18888888888888,-71.47833333333334,8.27,4310450781604d
43.19944444444444,-100.76944444444445,85.92,4311200712842d
43.2075,-75.39250000000001,43.45,4311581004610d
43.21888888888889,-78.91250000000001,2.39,4312270752333d
43.22,-89.79805555555555,11.67,4313080785445d
43.23305555555556,-75.39861111111112,2.86,4313120894753d
43.236111111111114,-77.39083333333333,0.95,4313590752355d
43.24111111111111,-100.32416666666666,21.8,4314100772327d
43.2525,-74.1588888888889,27.71,4314281001927d
43.26111111111111,-71.75777777777778,30.02,4315090740932d
43.30277777777778,-113.69333333333334,980.42,4315400714528d
43.311388888888885,-74.9588888888889,31.19,4318101134136d
43.36333333333334,-76.38083333333333,21.4,4318410745732d
43.36333333333334,-76.38083333333333,21.78,4321480762251d
43.38611111111111,-70.65916666666668,18.05,4321480762251d
43.40416666666667,-88.9238888888889,20.81,4323100703933d
43.45,-112.78555555555555,595.58,4324150885526d
43.47555555555556,-74.20611111111111,12.24,4327001124708d
43.500277777777775,-73.79638888888888,16.7,4328320741222d
43.519999999999996,-75.15416666666667,19.59,4330010734747d
43.52583333333333,-86.14055555555557,42.35,4331120750915d
43.544444444444444,-72.40805555555556,9.55,4331330860826d
43.54944444444444,-73.73388888888888,36.26,4332400722429d
43.60416666666667,-110.73333333333333,43.87,4332580734402d
43.61666666666667,-116.18611111111112,44.47,4336151104400d
43.61805555555556,-116.185,-11.54,4337001161110d
43.62388888888889,-96.74583333333334,10.99,4337051161106d
43.63111111111111,-96.72416666666666,9.12,4337260964445d
43.68416666666666,-83.2175,33.79,4337520964327d
43.70472222222222,-73.01833333333333,35.64,4341030831303d
43.70472222222222,-73.01833333333333,34.95,4342170730106d
43.718611111111116,-112.64055555555557,348.2,4342170730106d
43.724722222222226,-96.86999999999999,7.79,4343071123826d
43.725,-96.73,9.18,4343290965212d
43.76416666666667,-89.61388888888888,34.04,4343300964348d
43.82222222222222,-75.5775,9.41,4345510893650d
43.831944444444446,-70.43722222222223,10.93,4349200753439d
43.8775,-95.13,14.86,4349550702614d
43.914722222222224,-70.02666666666667,30.3,4352390950748d
43.9375,-85.29305555555555,54.9,4354530700136d
43.94916666666666,-85.28666666666666,63.0,4356150851735d
43.95638888888889,-92.28833333333333,13.78,4356570851712d
44.00361111111111,-74.4113888888889,6.86,4357230921718d
44.007222222222225,-90.65027777777779,5.78,4400130742441d
44.02055555555555,-75.76027777777777,16.92,4400260903901d
44.036944444444444,-70.34222222222222,10.2,4401140754537d
44.05277777777778,-103.29388888888889,21.33,4402130702032d
44.05722222222222,-103.30194444444444,-36.23,4403101031738d
44.095555555555556,-103.3,24.55,4403261031807d
44.095555555555556,-103.3,21.55,4405441031800d
44.12027777777778,-89.53555555555555,8.7,4405441031800d
44.13611111111111,-69.92666666666668,9.83,4407130893208d
44.13972222222222,-70.4875,10.16,4408100695536d
44.155,-69.94444444444444,47.92,4408230702915d
44.16083333333333,-75.32027777777778,23.44,4409180695640d
44.20388888888889,-75.90583333333333,1.85,4409390751913d
44.278888888888886,-73.53083333333333,17.94,4412140755421d
44.29972222222222,-103.43666666666667,0.93,4416440733151d
44.29972222222222,-103.43666666666667,-11.33,4417591032612d
44.29972222222222,-103.43666666666667,24.88,4417591032612d
44.30027777777777,-69.76527777777778,10.35,4417591032612d
44.309444444444445,-73.91555555555556,8.97,4418010694555d
44.37722222222222,-68.26138888888889,-0.58,4418340735456d
44.37833333333333,-121.68194444444445,301.88,4422380681541d
44.38166666666667,-98.29583333333333,15.95,4422421214055d
44.413888888888884,-71.08972222222222,6.33,4422540981745d
44.514722222222225,-94.98611111111111,46.66,4424500710523d
44.59305555555556,-87.58166666666666,6.35,4430530945910d
44.613055555555555,-70.92305555555556,7.95,4435350873454d
44.655833333333334,-85.35972222222222,25.69,4436470705523d
44.66444444444444,-72.19444444444444,17.42,4439210852135d
44.717222222222226,-70.42333333333333,27.54,4439520721140d
44.78583333333333,-89.44805555555556,13.65,4443020702524d
44.78861111111111,-108.08472222222221,19.63,4447090892653d
44.81777777777778,-74.76444444444445,7.25,4447191080505d
44.84777777777778,-73.58388888888888,22.82,4449040744552d
44.87111111111111,-74.99166666666667,15.38,4450520733502d
44.87416666666667,-67.86694444444444,4.66,4452160745930d
44.88861111111111,-68.93361111111112,20.42,4452270675201d
44.91972222222222,-74.17750000000001,2.78,4453190685601d
44.91972222222222,-74.17750000000001,34.06,4455110741039d
44.96805555555556,-73.63472222222222,2.51,4455110741039d
45.09,-112.63527777777779,174.69,4458050733805d
45.12027777777778,-67.27444444444444,-0.49,4505241123807d
45.191111111111105,-70.4675,10.27,4507130671628d
45.29611111111111,-106.50305555555556,10.24,4511280702803d
45.31333333333333,-96.60972222222222,24.44,4517461063011d
45.336666666666666,-93.69083333333333,17.92,4518480963635d
45.3425,-122.33305555555555,66.99,4520120934127d
45.45722222222223,-88.72888888888889,14.8,4520331221959d
45.5075,-99.84722222222221,23.61,4527260884344d
45.559444444444445,-103.46388888888889,63.27,4530270995050d
45.559444444444445,-103.46388888888889,55.83,4533341032750d
45.566111111111105,-98.43361111111112,7.46,4533341032750d
45.60805555555556,-68.88833333333334,9.88,4533580982601d
45.740833333333335,-84.71111111111111,5.47,4536290685318d
45.83777777777778,-107.60111111111111,6.39,4544270844240d
45.873333333333335,-92.36555555555555,31.85,4550161073604d
45.990833333333335,-95.20861111111111,7.3,4552240922156d
46.03055555555555,-89.60666666666665,-1.02,4559270951231d
46.32638888888889,-118.1375,39.42,4601500893624d
46.36638888888889,-84.73944444444444,25.5,4619351180815d
46.405833333333334,-87.4075,126.76,4621590844422d
46.442499999999995,-97.2761111111111,6.62,4624210872427d
46.44472222222222,-110.93805555555556,85.81,4626330971634d
46.611666666666665,-69.57944444444443,15.41,4626411105617d
46.76111111111111,-100.37249999999999,8.34,4636420693446d
46.8425,-122.95055555555555,23.28,4645401002221d
46.96527777777778,-102.68527777777778,19.05,4650331225702d
47.24916666666667,-68.59166666666667,11.38,4657551024107d
47.35583333333334,-122.7388888888889,41.77,4714570683530d
47.426944444444445,-102.24666666666667,30.27,4721211224420d
47.57833333333333,-118.27277777777778,44.37,4725371021448d
47.66972222222222,-117.12472222222222,98.86,4734421181622d
47.690555555555555,-96.28138888888888,6.45,4740111170729d
47.74111111111111,-91.9961111111111,5.18,4741260961653d
47.822500000000005,-93.24444444444444,23.42,4744280915946d
47.91083333333333,-116.84277777777777,410.47,4749210931440d
47.94611111111111,-97.62277777777777,25.22,4754391165034d
48.00944444444445,-105.33166666666666,43.4,4756460973722d
48.096111111111114,-123.16916666666667,41.8,4800341051954d
48.09722222222222,-113.98055555555555,3.64,4805461231009d
48.37,-99.79944444444445,9.39,4805501135850d
48.524166666666666,-103.62527777777777,27.0,4822120994758d
58.39972222222222,-134.58916666666667,10.99,4831271033731d
61.290277777777774,-149.565,108.68,5823591343521d
64.75777777777778,-147.22,10.02,6117251493354d
64.90944444444445,-147.64749999999998,14.41,6445281471312d
