Latitude,Longitude,Depth to water (ft),lastLoc,Address
64.90944444,-147.6475,14.41,6445281471312d,Alaska
64.75777778,-147.22,10.02,6117251493354d,Alaska
61.29027778,-149.565,108.68,5823591343521d,Alaska
58.39972222,-134.5891667,10.99,4831271033731d,Alaska
48.52416667,-103.6252778,27,4822120994758d,North Dakota
48.37,-99.79944444,9.39,4805501135850d,North Dakota
48.09722222,-113.9805556,3.64,4805461231009d,Montana
48.09611111,-123.1691667,41.8,4800341051954d,Washington
48.00944444,-105.3316667,43.4,4756460973722d,Montana
47.94611111,-97.62277778,25.22,4754391165034d,North Dakota
47.91083333,-116.8427778,410.47,4749210931440d,Idaho
47.8225,-93.24444444,23.42,4744280915946d,Minnesota
47.74111111,-91.99611111,5.18,4741260961653d,Minnesota
47.69055556,-96.28138889,6.45,4740111170729d,Minnesota
47.66972222,-117.1247222,98.86,4734421181622d,Washington
47.57833333,-118.2727778,44.37,4725371021448d,Washington
47.42694444,-102.2466667,30.27,4721211224420d,North Dakota
47.35583333,-122.7388889,41.77,4714570683530d,Washington
47.24916667,-68.59166667,11.38,4657551024107d,Maine
46.96527778,-102.6852778,19.05,4650331225702d,North Dakota
46.8425,-122.9505556,23.28,4645401002221d,Washington
46.76111111,-100.3725,8.34,4636420693446d,North Dakota
46.61166667,-69.57944444,15.41,4626411105617d,Maine
46.44472222,-110.9380556,85.81,4626330971634d,Montana
46.4425,-97.27611111,6.62,4624210872427d,North Dakota
46.40583333,-87.4075,126.76,4621590844422d,Michigan
46.36638889,-84.73944444,25.5,4619351180815d,Michigan
46.32638889,-118.1375,39.42,4601500893624d,Washington
46.03055556,-89.60666667,-1.02,4559270951231d,Wisconsin
45.99083333,-95.20861111,7.3,4552240922156d,Minnesota
45.87333333,-92.36555556,31.85,4550161073604d,Wisconsin
45.83777778,-107.6011111,6.39,4544270844240d,Montana
45.74083333,-84.71111111,5.47,4536290685318d,Michigan
45.60805556,-68.88833333,9.88,4533580982601d,Maine
45.56611111,-98.43361111,7.46,4533341032750d,South Dakota
45.55944444,-103.4638889,55.83,4533341032750d,South Dakota
45.55944444,-103.4638889,63.27,4530270995050d,South Dakota
45.5075,-99.84722222,23.61,4527260884344d,South Dakota
45.45722222,-88.72888889,14.8,4520331221959d,Wisconsin
45.3425,-122.3330556,66.99,4520120934127d,Oregon
45.33666667,-93.69083333,17.92,4518480963635d,Minnesota
45.31333333,-96.60972222,24.44,4517461063011d,South Dakota
45.29611111,-106.5030556,10.24,4511280702803d,Montana
45.19111111,-70.4675,10.27,4507130671628d,Maine
45.12027778,-67.27444444,-0.49,4505241123807d,Maine
45.09,-112.6352778,174.69,4458050733805d,Montana
44.96805556,-73.63472222,2.51,4455110741039d,New York
44.91972222,-74.1775,34.06,4455110741039d,New York
44.91972222,-74.1775,2.78,4453190685601d,New York
44.88861111,-68.93361111,20.42,4452270675201d,Maine
44.87416667,-67.86694444,4.66,4452160745930d,Maine
44.87111111,-74.99166667,15.38,4450520733502d,New York
44.84777778,-73.58388889,22.82,4449040744552d,New York
44.81777778,-74.76444444,7.25,4447191080505d,New York
44.78861111,-108.0847222,19.63,4447090892653d,Wyoming
44.78583333,-89.44805556,13.65,4443020702524d,Wisconsin
44.71722222,-70.42333333,27.54,4439520721140d,Maine
44.66444444,-72.19444444,17.42,4439210852135d,Vermont
44.65583333,-85.35972222,25.69,4436470705523d,Michigan
44.61305556,-70.92305556,7.95,4435350873454d,Maine
44.59305556,-87.58166667,6.35,4430530945910d,Wisconsin
44.51472222,-94.98611111,46.66,4424500710523d,Minnesota
44.41388889,-71.08972222,6.33,4422540981745d,New Hampshire
44.38166667,-98.29583333,15.95,4422421214055d,South Dakota
44.37833333,-121.6819444,301.88,4422380681541d,Oregon
44.37722222,-68.26138889,-0.58,4418340735456d,Maine
44.30944444,-73.91555556,8.97,4418010694555d,New York
44.30027778,-69.76527778,10.35,4417591032612d,Maine
44.29972222,-103.4366667,24.88,4417591032612d,South Dakota
44.29972222,-103.4366667,0.93,4416440733151d,South Dakota
44.27888889,-73.53083333,17.94,4412140755421d,New York
44.20388889,-75.90583333,1.85,4409390751913d,New York
44.16083333,-75.32027778,23.44,4409180695640d,New York
44.155,-69.94444444,47.92,4408230702915d,Maine
44.13972222,-70.4875,10.16,4408100695536d,Maine
44.13611111,-69.92666667,9.83,4407130893208d,Maine
44.12027778,-89.53555556,8.7,4405441031800d,Wisconsin
44.09555556,-103.3,21.55,4405441031800d,South Dakota
44.09555556,-103.3,24.55,4403261031807d,South Dakota
44.05722222,-103.3019444,-36.23,4403101031738d,South Dakota
44.05277778,-103.2938889,21.33,4402130702032d,South Dakota
44.03694444,-70.34222222,10.2,4401140754537d,Maine
44.02055556,-75.76027778,16.92,4400260903901d,New York
44.00722222,-90.65027778,5.78,4400130742441d,Wisconsin
44.00361111,-74.41138889,6.86,4357230921718d,New York
43.95638889,-92.28833333,13.78,4356570851712d,Minnesota
43.94916667,-85.28666667,63,4356150851735d,Michigan
43.9375,-85.29305556,54.9,4354530700136d,Michigan
43.91472222,-70.02666667,30.3,4352390950748d,Maine
43.8775,-95.13,14.86,4349550702614d,Minnesota
43.83194444,-70.43722222,10.93,4349200753439d,Maine
43.82222222,-75.5775,9.41,4345510893650d,New York
43.76416667,-89.61388889,34.04,4343300964348d,Wisconsin
43.725,-96.73,9.18,4343290965212d,South Dakota
43.72472222,-96.87,7.79,4343071123826d,South Dakota
43.71861111,-112.6405556,348.2,4342170730106d,Idaho
43.70472222,-73.01833333,34.95,4342170730106d,Vermont
43.70472222,-73.01833333,35.64,4341030831303d,Vermont
43.68416667,-83.2175,33.79,4337520964327d,Michigan
43.63111111,-96.72416667,9.12,4337260964445d,South Dakota
43.62388889,-96.74583333,10.99,4337051161106d,South Dakota
43.61805556,-116.185,-11.54,4337001161110d,Idaho
43.61666667,-116.1861111,44.47,4336151104400d,Idaho
43.60416667,-110.7333333,43.87,4332580734402d,Wyoming
43.54944444,-73.73388889,36.26,4332400722429d,New York
43.54444444,-72.40805556,9.55,4331330860826d,Vermont
43.52583333,-86.14055556,42.35,4331120750915d,Michigan
43.52,-75.15416667,19.59,4330010734747d,New York
43.50027778,-73.79638889,16.7,4328320741222d,New York
43.47555556,-74.20611111,12.24,4327001124708d,New York
43.45,-112.7855556,595.58,4324150885526d,Idaho
43.40416667,-88.92388889,20.81,4323100703933d,Wisconsin
43.38611111,-70.65916667,18.05,4321480762251d,Maine
43.36333333,-76.38083333,21.78,4321480762251d,New York
43.36333333,-76.38083333,21.4,4318410745732d,New York
43.31138889,-74.95888889,31.19,4318101134136d,New York
43.30277778,-113.6933333,980.42,4315400714528d,Idaho
43.26111111,-71.75777778,30.02,4315090740932d,New Hampshire
43.2525,-74.15888889,27.71,4314281001927d,New York
43.24111111,-100.3241667,21.8,4314100772327d,South Dakota
43.23611111,-77.39083333,0.95,4313590752355d,New York
43.23305556,-75.39861111,2.86,4313120894753d,New York
43.22,-89.79805556,11.67,4313080785445d,Wisconsin
43.21888889,-78.9125,2.39,4312270752333d,New York
43.2075,-75.3925,43.45,4311581004610d,New York
43.19944444,-100.7694444,85.92,4311200712842d,South Dakota
43.18888889,-71.47833333,8.27,4310450781604d,New Hampshire
43.17916667,-78.26777778,21.38,4310300731921d,New York
43.175,-73.3225,5.72,4309300742903d,New York
43.15833333,-74.48416667,3.67,4309240782413d,New York
43.15666667,-78.40361111,40.08,4309130771031d,New York
43.15361111,-77.17527778,9.99,4307390785027d,New York
43.1275,-78.84083333,0.48,4307261010335d,New York
43.12388889,-101.0597222,28.43,4307121004213d,South Dakota
43.12,-100.7036111,52.27,4305100934251d,South Dakota
43.08611111,-93.71416667,3.53,4303371002432d,Iowa
43.06027778,-100.4088889,27.72,4303270734754d,South Dakota
43.0575,-73.79833333,40.32,4303141003720d,New York
43.05388889,-100.6222222,45.04,4303110770515d,South Dakota
43.05305556,-77.0875,11.86,4302520772834d,New York
43.04777778,-77.47611111,8.44,4302430761804d,New York
43.04527778,-76.30111111,11.7,4302430761804d,New York
43.04527778,-76.30111111,10.83,4302030915012d,New York
43.03416667,-91.83666667,7.98,4301541004118d,Iowa
43.03166667,-100.6883333,9.37,4301531005310d,South Dakota
43.03138889,-100.8861111,21.05,4301460781013d,South Dakota
43.02944444,-78.17027778,8.78,4301210745230d,New York
43.0225,-74.875,47.74,4301200732322d,New York
43.02222222,-73.38944444,10.87,4300560753541d,New York
43.01555556,-75.59472222,6.25,4300271023118d,New York
43.0075,-102.5216667,53.77,4300271023118d,South Dakota
43.0075,-102.5216667,42.25,4300060784641d,South Dakota
43.00166667,-78.77805556,18.89,4259130780855d,New York
42.98694444,-78.14861111,34.65,4258460755045d,New York
42.97944444,-75.84583333,124.15,4258440775329d,New York
42.97888889,-77.89138889,41.29,4258400771339d,New York
42.97777778,-77.2275,2.68,4258330775039d,New York
42.97583333,-77.84416667,10.15,4258210764613d,New York
42.9725,-76.77027778,0.51,4258030771512d,New York
42.9675,-77.25333333,2,4257040783606d,New York
42.95111111,-78.60166667,10.93,4256240742106d,New York
42.94,-74.35166667,10.32,4256070881730d,New York
42.93527778,-88.29166667,7.41,4255110742540d,Wisconsin
42.91972222,-74.42777778,32.99,4254480763500d,New York
42.91333333,-76.58333333,10.02,4254320732334d,New York
42.90888889,-73.39277778,13.63,4250480734725d,New York
42.84666667,-73.79027778,1.53,4250330745324d,New York
42.8425,-74.89,104.16,4248590735855d,New York
42.81638889,-73.98194444,5.23,4248410710041d,New York
42.81138889,-71.01138889,11.24,4245600742741d,Massachusetts
42.76666667,-74.46138889,27.8,4245200705624d,New York
42.75555556,-70.94,4.69,4244520760819d,Massachusetts
42.74777778,-76.13861111,4.26,4244060780753d,New York
42.735,-78.13138889,2.09,4243470765302d,New York
42.72972222,-76.88388889,1.51,4243110734239d,New York
42.71972222,-73.71083333,6.06,4242490724931d,New York
42.71361111,-72.82527778,19.24,4242040720152d,Massachusetts
42.70111111,-72.03111111,4.44,4241580762519d,Massachusetts
42.69944444,-76.42194444,19.22,4241360750251d,New York
42.69333333,-75.0475,5.85,4241150734953d,New York
42.6875,-73.83138889,7.63,4240570720103d,New York
42.6825,-72.0175,25.16,4240550714353d,Massachusetts
42.68194444,-71.73138889,11.88,4240240765748d,Massachusetts
42.67333333,-76.96333333,4.37,4238270760359d,New York
42.64083333,-76.06638889,4.81,4238100724354d,New York
42.63611111,-72.73166667,12.68,4237430780708d,Massachusetts
42.62861111,-78.11888889,12.52,4237300985600d,New York
42.625,-98.93333333,32.13,4237150720428d,Nebraska
42.62083333,-72.07444444,3.42,4235340734234d,Massachusetts
42.59277778,-73.70944444,35.5,4235300741917d,New York
42.59166667,-74.32138889,9.3,4235060704914d,New York
42.585,-70.82055556,1.01,4234410721707d,Massachusetts
42.57805556,-72.28527778,6.84,4234230833240d,Massachusetts
42.57305556,-83.54444444,4.34,4234100754028d,Michigan
42.56944444,-75.67444444,34.29,4234010710938d,New York
42.56694444,-71.16055556,7.03,4232570712437d,Massachusetts
42.54916667,-71.41027778,10.72,4231480983006d,Massachusetts
42.53,-98.50166667,42.62,4231430765826d,Nebraska
42.52861111,-76.97388889,3.49,4230580710254d,New York
42.51611111,-71.04833333,5.77,4229250882554d,Massachusetts
42.49027778,-88.43166667,-10.22,4229200762753d,Illinois
42.48888889,-76.46472222,3.99,4229060721243d,New York
42.485,-72.21194444,13.09,4229020764758d,Massachusetts
42.48388889,-76.79944444,27.76,4228580882356d,New York
42.48277778,-88.39888889,30.92,4228490995215d,Illinois
42.48027778,-99.87083333,6.56,4228480881910d,Nebraska
42.48,-88.31944444,16.64,4228480881910d,Illinois
42.48,-88.31944444,10.61,4228450882854d,Illinois
42.47916667,-88.48166667,28.14,4228280883333d,Illinois
42.47444444,-88.55916667,223.23,4228120712444d,Illinois
42.47,-71.41222222,16.54,4228020970316d,Massachusetts
42.46722222,-97.05444444,3.65,4227450731120d,Nebraska
42.4625,-73.18888889,14.36,4227330725326d,Massachusetts
42.45916667,-72.89055556,4.5,4227100764629d,Massachusetts
42.45277778,-76.77472222,6.53,4227040883853d,New York
42.45111111,-88.64805556,7.98,4227020790051d,Illinois
42.45055556,-79.01416667,28.54,4226220734109d,New York
42.43944444,-73.68583333,9.41,4224450772033d,New York
42.4125,-77.3425,7.52,4224330881406d,New York
42.40916667,-88.235,36.96,4223580883602d,Illinois
42.39944444,-88.60055556,35.52,4223410714649d,Illinois
42.39472222,-71.78027778,4.97,4223230761903d,Massachusetts
42.38972222,-76.3175,12.61,4223080882642d,New York
42.38555556,-88.445,12.45,4223080882310d,Illinois
42.38555556,-88.38611111,19.23,4223080882310d,Illinois
42.38555556,-88.38611111,8.93,4223080881956d,Illinois
42.38555556,-88.33222222,57.29,4223080881956d,Illinois
42.38555556,-88.33222222,15.35,4222480713624d,Illinois
42.38,-71.60666667,18.35,4222410732746d,Massachusetts
42.37805556,-73.46277778,9.91,4221500974024d,New York
42.36388889,-97.67333333,25.34,4221420883031d,Nebraska
42.36166667,-88.50861111,41.24,4221420883031d,Illinois
42.36166667,-88.50861111,40.22,4221200883309d,Illinois
42.35555556,-88.5525,36.34,4221030722411d,Illinois
42.35083333,-72.40305556,3.73,4220580720851d,Massachusetts
42.34944444,-72.1475,16.56,4220560852117d,Massachusetts
42.34888889,-85.35472222,10.79,4220320882220d,Michigan
42.34222222,-88.37222222,35.71,4219480744837d,Illinois
42.33,-74.81027778,0.69,4219480744837d,Delaware
42.33,-74.81027778,4.95,4219230724510d,Delaware
42.32305556,-72.75277778,9.82,4219140881253d,Massachusetts
42.32055556,-88.21472222,23,4219030741523d,Illinois
42.3175,-74.25638889,16.41,4218530712205d,New York
42.31472222,-71.36805556,15.26,4218200881545d,Massachusetts
42.30555556,-88.2625,48.36,4218131155558d,Illinois
42.30361111,-115.9327778,21.72,4217470882707d,Idaho
42.29638889,-88.45194444,80.31,4217460741802d,Illinois
42.29611111,-74.30055556,6.24,4216530883709d,New York
42.28138889,-88.61916667,30.45,4216530883709d,Illinois
42.28138889,-88.61916667,21.58,4216410853506d,Illinois
42.27805556,-85.585,4.27,4216260883114d,Michigan
42.27388889,-88.52055556,5.79,4215560752816d,Illinois
42.26555556,-75.47111111,7.67,4215470881423d,New York
42.26305556,-88.23972222,93.77,4215440780213d,Illinois
42.26222222,-78.03694444,-1.52,4215330884218d,New York
42.25916667,-88.705,6.67,4215120774728d,Illinois
42.25333333,-77.79111111,5.19,4214380711656d,New York
42.24388889,-71.28222222,32.12,4214100720811d,Massachusetts
42.23611111,-72.13638889,18.48,4213410882837d,Massachusetts
42.22805556,-88.47694444,10.86,4213410882837d,Illinois
42.22805556,-88.47694444,10.88,4213320854019d,Illinois
42.22555556,-85.67194444,8.91,4213320854019d,Michigan
42.22555556,-85.67194444,4.89,4213210883411d,Michigan
42.2225,-88.56972222,74.91,4212410881018d,Illinois
42.21138889,-88.17166667,22.98,4212400724902d,Illinois
42.21111111,-72.81722222,0.76,4212170791836d,Massachusetts
42.20472222,-79.31,1.58,4212130763133d,New York
42.20361111,-76.52583333,16.13,4212100984020d,New York
42.20277778,-98.67222222,8.53,4211570755354d,Nebraska
42.19916667,-75.89833333,66.55,4211450881948d,New York
42.19583333,-88.33,90.78,4211450881948d,Illinois
42.19583333,-88.33,1.95,4211380755113d,Illinois
42.19388889,-75.85361111,23.12,4211220882227d,New York
42.18944444,-88.37416667,24.52,4211220882227d,Illinois
42.18944444,-88.37416667,23.49,4211200882818d,Illinois
42.18888889,-88.47166667,29.74,4210560883808d,Illinois
42.18222222,-88.63555556,9.48,4210360880545d,Illinois
42.17666667,-88.09583333,150.73,4210120723243d,Illinois
42.17,-72.54527778,22.27,4208280764846d,Massachusetts
42.14111111,-76.81277778,22.63,4208251230404d,New York
42.14027778,-123.0677778,39.64,4208150761555d,Oregon
42.1375,-76.26527778,41.42,4207100770521d,New York
42.11944444,-77.08916667,73.84,4206190765152d,New York
42.10527778,-76.86444444,23.59,4206100714214d,New York
42.10277778,-71.70388889,3.01,4205440711737d,Massachusetts
42.09555556,-71.29361111,5.7,4205300784452d,Massachusetts
42.09166667,-78.74777778,6.31,4204570881058d,New York
42.0825,-88.18277778,71.98,4203500731936d,Illinois
42.06388889,-73.32666667,11.5,4203260792958d,Massachusetts
42.05722222,-79.49944444,2.11,4203181213122d,New York
42.055,-121.5227778,317.71,4203160704335d,Oregon
42.05444444,-70.72638889,9.86,4203050725814d,Massachusetts
42.05138889,-72.97055556,3.88,4202120952357d,Massachusetts
42.03666667,-95.39916667,25.17,4202060700459d,Iowa
42.035,-70.08305556,11.2,4202041012005d,Massachusetts
42.03444444,-101.3347222,3.94,4159560732415d,Nebraska
41.99888889,-73.40416667,10.27,4156070800446d,
41.93527778,-80.07944444,17.37,4155590980052d,Pennsylvania
41.93305556,-98.01444444,94.76,4155520700317d,Nebraska
41.93111111,-70.05472222,1.88,4154530704349d,Massachusetts
41.91472222,-70.73027778,22.03,4154390930948d,Massachusetts
41.91083333,-93.16333333,13.79,4153540695852d,Iowa
41.89833333,-69.98111111,12.45,4153200754504d,Massachusetts
41.88888889,-75.75111111,67.54,4152290705543d,Pennsylvania
41.87472222,-70.92861111,8.23,4151500782204d,Massachusetts
41.86388889,-78.36777778,101.8,4150220964343d,Pennsylvania
41.83944444,-96.72861111,13.77,4149521000603d,Nebraska
41.83111111,-100.1008333,4.2,4149480740350d,Nebraska
41.83,-74.06388889,16.12,4148310721730d,New York
41.80861111,-72.29166667,14.71,4147410721345d,Connecticut
41.79472222,-72.22916667,2.82,4147370735633d,
41.79361111,-73.9425,67.43,4147120711750d,New York
41.78666667,-71.29722222,3.34,4146400774938d,Massachusetts
41.77777778,-77.82722222,17.88,4146320700149d,Pennsylvania
41.77555556,-70.03027778,32.06,4146071022633d,Massachusetts
41.76861111,-102.4425,1.76,4145250743606d,Nebraska
41.75694444,-74.60166667,8.54,4145130773337d,New York
41.75361111,-77.56027778,30.53,4144550703257d,Pennsylvania
41.74861111,-70.54916667,160.87,4144290740520d,Massachusetts
41.74138889,-74.08888889,24.33,4144050703121d,New York
41.73472222,-70.5225,123.99,4143330751532d,Massachusetts
41.72583333,-75.25888889,23.41,4143300762805d,Pennsylvania
41.725,-76.46805556,7.69,4143180852006d,Pennsylvania
41.72166667,-85.335,13.97,4143150912520d,Indiana
41.72083333,-91.42222222,17.84,4142400720332d,Iowa
41.71111111,-72.05888889,11.45,4142361121012d,Connecticut
41.71,-112.17,23.91,4142190703136d,Utah
41.70527778,-70.52666667,101.52,4142050703347d,Massachusetts
41.70138889,-70.56305556,172.13,4142020860350d,Massachusetts
41.70055556,-86.06388889,9.54,4142020860350d,Indiana
41.70055556,-86.06388889,9.2,4141590792136d,Indiana
41.69972222,-79.36,41.98,4141590703105d,Pennsylvania
41.69972222,-70.51805556,97.59,4141390703115d,Massachusetts
41.69416667,-70.52083333,30.45,4141290703614d,Massachusetts
41.69138889,-70.60388889,32.16,4141280734752d,Massachusetts
41.69111111,-73.79777778,13.66,4141250702659d,New York
41.69027778,-70.44972222,47.71,4141240703114d,Massachusetts
41.69,-70.52055556,16.85,4141010700110d,Massachusetts
41.68361111,-70.01944444,27.86,4139520842612d,Massachusetts
41.66444444,-84.43666667,31.16,4139520842612d,Ohio
41.66444444,-84.43666667,29.94,4139300701909d,Ohio
41.65833333,-70.31916667,25.23,4138120844446d,Massachusetts
41.63666667,-84.74611111,44.3,4138120844446d,Ohio
41.63666667,-84.74611111,43.2,4138010703227d,Ohio
41.63361111,-70.54083333,6.65,4137430893101d,Massachusetts
41.62861111,-89.51694444,25.9,4137430893101d,Illinois
41.62861111,-89.51694444,7.93,4135590872703d,Illinois
41.59972222,-87.45083333,1.89,4135420802450d,Indiana
41.595,-80.41388889,49.14,4135350722537d,Pennsylvania
41.59305556,-72.42694444,4.27,4134310835235d,Connecticut
41.57527778,-83.87638889,13.22,4134280740857d,Ohio
41.57444444,-74.14916667,3.7,4133580714338d,New York
41.56611111,-71.72722222,15,4133460754213d,Rhode Island
41.56277778,-75.70361111,54.91,4132520713236d,Pennsylvania
41.54777778,-71.54333333,9.4,4131301005312d,Rhode Island
41.525,-100.8866667,101.49,4131210854813d,Nebraska
41.5225,-85.80361111,14.35,	413108084415d,Indiana
4.219444444,-808.7375,8.31,4130260763529d,Other
41.50722222,-76.59138889,26.78,4129320713743d,Pennsylvania
41.49222222,-71.62861111,6.91,4129180713210d,Rhode Island
41.48833333,-71.53611111,11.76,4129160731217d,Rhode Island
41.48777778,-73.20472222,12.52,4128460744702d,
41.47944444,-74.78388889,10.23,4128440714228d,New York
41.47888889,-71.70777778,33.08,4128250724105d,Rhode Island
41.47361111,-72.68472222,10.28,4128230790306d,Connecticut
41.47305556,-79.05166667,7.61,4128030844804d,Pennsylvania
41.4675,-84.80111111,24.73,4127390801042d,Ohio
41.46083333,-80.17833333,25.1,4127320780342d,Pennsylvania
41.45888889,-78.06166667,21.67,4127140733313d,Pennsylvania
41.45388889,-73.55361111,2.26,4127080761502d,New York
41.45222222,-76.25055556,42.62,4126370743623d,Pennsylvania
41.44361111,-74.60638889,6.1,4125221001212d,New York
41.42277778,-100.2033333,3.05,4124580783246d,Nebraska
41.41611111,-78.54611111,4.47,4124290731651d,Pennsylvania
41.40805556,-73.28083333,4.2,4124270765944d,Connecticut
41.4075,-76.99555556,99.04,4123500865128d,Pennsylvania
41.39722222,-86.85777778,6.4,4123460703534d,Indiana
41.39611111,-70.59277778,18.97,4123310811230d,Massachusetts
41.39194444,-81.20833333,13.21,4123060842400d,Ohio
41.385,-84.4,33.81,4123040844406d,Ohio
41.38444444,-84.735,58.23,4121540714629d,Ohio
41.365,-71.77472222,12.48,4121490734456d,Rhode Island
41.36361111,-73.74888889,13.38,4120200791339d,New York
41.33888889,-79.2275,35.93,4119580795402d,Pennsylvania
41.33277778,-79.90055556,118.46,4119220852218d,Pennsylvania
41.32277778,-85.37166667,31.48,4119110962416d,Indiana
41.31972222,-96.40444444,5.19,4119030962455d,Nebraska
41.3175,-96.41527778,8.53,4118450962112d,Nebraska
41.3125,-96.35333333,3.98,4118330751336d,Nebraska
41.30916667,-75.22666667,34.35,4118320723255d,Pennsylvania
41.30888889,-72.54861111,4.91,4118190824939d,Connecticut
41.30527778,-82.8275,56.34,4118020735930d,Ohio
41.30055556,-73.99166667,16.35,4117570962025d,New York
41.29916667,-96.34027778,6.84,4117560761627d,Nebraska
41.29888889,-76.27416667,31.86,4117380972643d,Pennsylvania
41.29388889,-97.44527778,15.31,4117360961702d,Nebraska
41.29333333,-96.28388889,13.86,4117340785221d,Nebraska
41.29277778,-78.8725,31.78,4117330961855d,Pennsylvania
41.2925,-96.31527778,4.18,	411438081085d,Nebraska
4.195277778,-808.1902778,76.61,4114240774622d,Other
41.24,-77.77277778,48.45,4114210734812d,Pennsylvania
41.23916667,-73.80333333,12.17,4114121052720d,New York
41.23666667,-105.4555556,38,4112230752349d,Wyoming
41.20638889,-75.39694444,9.68,4111260994225d,Pennsylvania
41.19055556,-99.70694444,1.97,4110050962815d,Nebraska
41.16805556,-96.47083333,40.04,4109430975750d,Nebraska
41.16194444,-97.96388889,6.53,4109140745404d,Nebraska
41.15388889,-74.90111111,18.32,4108530735540d,New Jersey
41.14805556,-73.92777778,6.96,4107390863652d,New York
41.1275,-86.61444444,10.75,4107270764029d,Indiana
41.12416667,-76.67472222,29.93,4107050763349d,Pennsylvania
41.11805556,-76.56361111,23.15,4106280734133d,Pennsylvania
41.10777778,-73.6925,26.87,4106270783136d,Connecticut
41.1075,-78.52666667,23.29,4106180981134d,Pennsylvania
41.105,-98.19277778,7.45,4105380802808d,Nebraska
41.09388889,-80.46888889,16.75,4105010795244d,Pennsylvania
41.08361111,-79.87888889,17.84,4104490744833d,Pennsylvania
41.08027778,-74.80916667,21.08,4104280872315d,New Jersey
41.07444444,-87.3875,20.84,4103370852642d,Indiana
41.06027778,-85.445,52.59,4102480991647d,Indiana
41.04666667,-99.27972222,108.37,4102070742700d,Nebraska
41.03527778,-74.45,3.84,4101560984426d,New Jersey
41.03222222,-98.74055556,9.42,4101540993947d,Nebraska
41.03166667,-99.66305556,43.92,4101230754254d,Nebraska
41.02305556,-75.715,40.36,4101020983742d,Pennsylvania
41.01722222,-98.62833333,68.49,4100570950751d,Nebraska
41.01583333,-95.13083333,13.17,4100250734528d,Iowa
41.00694444,-73.75777778,23.02,4059280771155d,New York
40.99111111,-77.19861111,35.68,4059020871415d,Pennsylvania
40.98388889,-87.2375,33.92,4058551000739d,Indiana
40.98194444,-100.1275,59.36,4058550983830d,Nebraska
40.98194444,-98.64166667,98.96,	405843081182d,Nebraska
4.106666667,-308.2061111,38.21,4058290861758d,Other
40.97472222,-86.29944444,10.57,4057380995045d,Indiana
40.96055556,-99.84583333,32.1,4056320983735d,Nebraska
40.94222222,-98.62638889,29.65,4055030984418d,Nebraska
40.9175,-98.73833333,129.38,4054510914833d,Nebraska
40.91416667,-91.80916667,16.66,4054451000740d,Iowa
40.9125,-100.1277778,4.96,4054350984326d,Nebraska
40.90972222,-98.72388889,69.74,4053440793802d,Nebraska
40.89555556,-79.63388889,20.08,4053200784839d,Pennsylvania
40.88888889,-78.81083333,32.95,4053150983043d,Indiana
40.8875,-98.51194444,15.71,4052270981656d,Nebraska
40.87416667,-98.28222222,8.22,	405215084335d,Nebraska
4.089166667,-508.7263889,26.53,4051370990852d,Other
40.86027778,-99.14777778,134.24,4051290990902d,Nebraska
40.85805556,-99.15055556,133.87,4051180995149d,Nebraska
40.855,-99.86361111,9.22,4050400983845d,Nebraska
40.84444444,-98.64583333,37.34,4050140995910d,Nebraska
40.83722222,-99.98611111,9.05,4049490994457d,Nebraska
40.83027778,-99.74916667,14.26,4049340744005d,Nebraska
40.82611111,-74.66805556,5.65,4048040964033d,New Jersey
40.80111111,-96.67583333,22.88,4047450751840d,Nebraska
40.79583333,-75.31111111,39.55,4047170994605d,Pennsylvania
40.78805556,-99.76805556,8.52,4047080760707d,Nebraska
40.78555556,-76.11861111,48.54,	404655081553d,Pennsylvania
4.084722222,-508.2647222,44.26,	404648083412d,Other
4.084444444,-808.57,9.2,4046180985044d,Other
40.77166667,-98.84555556,19.49,4045560775251d,Nebraska
40.76555556,-77.88083333,82.18,4045130981812d,Pennsylvania
40.75361111,-98.30333333,54.66,4045130981812d,Nebraska
40.75361111,-98.30333333,55.02,4043430992729d,Nebraska
40.72861111,-99.45805556,16.75,4043310850647d,Nebraska
40.72527778,-85.11305556,24.76,4042390763620d,Indiana
40.71083333,-76.60555556,17.3,4041400773540d,Pennsylvania
40.69444444,-77.59444444,52.9,4041060741719d,Pennsylvania
40.685,-74.28861111,5.71,4039540991521d,New Jersey
40.665,-99.25583333,10.06,4039390765910d,Nebraska
40.66083333,-76.98611111,18.76,4038360853744d,Pennsylvania
40.64333333,-85.62888889,115.96,4037530965810d,Indiana
40.63138889,-96.96944444,17.81,4037340800630d,Nebraska
40.62611111,-80.10833333,6.42,4037190750918d,Pennsylvania
40.62194444,-75.155,6.32,4035170744525d,New Jersey
40.58805556,-74.75694444,19.03,4034550745148d,New Jersey
40.58194444,-74.86333333,9.5,4034520922929d,New Jersey
40.58111111,-92.49138889,11.14,4034290753924d,Missouri
40.57472222,-75.65666667,58.54,4034070861757d,Pennsylvania
40.56861111,-86.29916667,7.4,4033010944923d,Indiana
40.55027778,-94.82305556,2.02,4032260753430d,Missouri
40.54055556,-75.575,5.45,4030550943647d,Pennsylvania
40.51527778,-94.61305556,9.14,4030060802523d,Missouri
40.50166667,-80.42305556,8.59,4028510872135d,Pennsylvania
40.48083333,-87.35972222,15.08,4027500784522d,Indiana
40.46388889,-78.75611111,7.8,4027350771009d,Pennsylvania
40.45972222,-77.16916667,11.63,4027340870334d,Pennsylvania
40.45944444,-87.05944444,20.96,4026570934702d,Indiana
40.44916667,-93.78388889,13.15,4026430751505d,Missouri
40.44527778,-75.25138889,39.7,4026270952206d,Pennsylvania
40.44083333,-95.36833333,5.27,4026180952227d,Missouri
40.43833333,-95.37416667,17.22,4026150755305d,Missouri
40.4375,-75.88472222,134.07,4025580873515d,Pennsylvania
40.43277778,-87.5875,22.32,4025530742717d,Illinois
40.43138889,-74.45472222,15.49,4024520782713d,New Jersey
40.41444444,-78.45361111,10.51,4024110773748d,Pennsylvania
40.40305556,-77.63,12.94,4023220854819d,Pennsylvania
40.38944444,-85.80527778,3.91,4023121095457d,Indiana
40.38666667,-109.9158333,11.98,4022550764220d,Utah
40.38194444,-76.70555556,9.61,4022070761808d,Pennsylvania
40.36861111,-76.30222222,8.98,4021510745253d,Pennsylvania
40.36416667,-74.88138889,2.8,4021430741852d,New Jersey
40.36194444,-74.31444444,2.65,4021380790318d,New Jersey
40.36055556,-79.055,16.4,4019210892821d,Pennsylvania
40.3225,-89.4725,6.99,4019210892821d,Illinois
40.3225,-89.4725,33.19,4019200921303d,Illinois
40.32222222,-92.2175,26.52,4018430780754d,Missouri
40.31194444,-78.13166667,53.47,4018040744326d,Pennsylvania
40.30111111,-74.72388889,30.44,4017330751714d,New Jersey
40.2925,-75.28722222,7.94,	401707084103d,Pennsylvania
4.036111111,-708.6841667,61.26,4016540882120d,
40.28166667,-88.35555556,9.46,4016540882120d,Illinois
40.28166667,-88.35555556,46.7,4016370760715d,Illinois
40.27694444,-76.12083333,10.49,4015320850853d,Pennsylvania
40.25888889,-85.14805556,11.03,4015281194705d,Indiana
40.25777778,-119.7847222,252.97,4014440934420d,Nevada
40.24555556,-93.73888889,4.2,4013121124423d,Missouri
40.22,-112.7397222,75.23,4012160803627d,Utah
40.20444444,-80.6075,39.01,4011570750320d,Virginia
40.19916667,-75.05555556,31.8,4011220841434d,Pennsylvania
40.18944444,-84.24277778,6.88,4010570914945d,Ohio
40.1825,-91.82916667,62.4,4009160764923d,Missouri
40.15444444,-76.82305556,19.71,4006410854137d,Pennsylvania
40.11138889,-85.69361111,16.35,4005400825404d,Indiana
40.09444444,-82.90111111,20.63,4005320861839d,Ohio
40.09222222,-86.31083333,50.95,4004580935820d,Indiana
40.08277778,-93.97222222,133.38,4002510944859d,Missouri
40.0475,-94.81638889,9.04,4002470864821d,Missouri
40.04638889,-86.80583333,37.48,4002330802613d,Indiana
40.0425,-80.43694444,35.34,4002320742132d,Pennsylvania
40.04222222,-74.35888889,27.16,4002170782819d,New Jersey
40.03805556,-78.47194444,24.83,4002090771833d,Pennsylvania
40.03583333,-77.30916667,19.08,4001551015213d,Pennsylvania
40.03194444,-101.8702778,19.3,4001180860249d,Nebraska
40.02166667,-86.04694444,88.01,4001050935916d,Indiana
40.01805556,-93.98777778,77.84,4001040860231d,Missouri
40.01777778,-86.04194444,51.84,4000000860232d,Indiana
40,-86.04222222,22.6,3959280745027d,Indiana
39.99111111,-74.84083333,5.89,3959200790215d,New Jersey
39.98888889,-79.0375,24.17,	395847084085d,Pennsylvania
4.606666667,-708.6902778,10.1,3958460770406d,
39.97944444,-77.06833333,11.95,3955120752937d,Pennsylvania
39.92,-75.49361111,7.34,3954500754854d,Delaware
39.91388889,-75.815,12.19,3953550950516d,Pennsylvania
39.89861111,-95.08777778,3.81,3953220773653d,Missouri
39.88944444,-77.61472222,77.33,3953160835931d,Pennsylvania
39.88777778,-83.99194444,0.77,3952450862735d,Ohio
39.87916667,-86.45972222,100.25,3952230862142d,Indiana
39.87305556,-86.36166667,5.49,3952230862142d,Indiana
39.87305556,-86.36166667,5.33,3951500742842d,Indiana
39.86388889,-74.47833333,21.72,3951361082100d,New Jersey
39.86,-108.35,59.83,3950430912626d,Colorado
39.84527778,-91.44055556,23.69,3949520861109d,Missouri
39.83111111,-86.18583333,17.58,3949400854601d,Indiana
39.82777778,-85.76694444,24.67,3949330814417d,Indiana
39.82583333,-81.73805556,30.74,3949150841033d,Ohio
39.82083333,-84.17583333,26.01,3948430793514d,Ohio
39.81194444,-79.58722222,23.69,3947550781350d,Pennsylvania
39.79861111,-78.23055556,50.14,3946550800143d,Pennsylvania
39.78194444,-80.02861111,28.68,3946320860927d,Pennsylvania
39.77555556,-86.1575,35.43,3944420841116d,Indiana
39.745,-84.18777778,102.36,	394438084335d,Ohio
4.578611111,-808.7263889,33.09,3944300772250d,Other
39.74166667,-77.38055556,94.21,3944260850806d,Pennsylvania
39.74055556,-85.135,15.86,3943540750259d,Indiana
39.73166667,-75.04972222,16.08,3942360752721d,New Jersey
39.71,-75.45583333,12.38,3942010931811d,New Jersey
39.70027778,-93.30305556,15.29,3941560920302d,Missouri
39.69888889,-92.05055556,27.14,3940361161834d,Missouri
39.67666667,-116.3094444,38.8,	394025084162d,Nevada
4.567222222,-508.7005556,23.55,3940130934002d,Other
39.67027778,-93.66722222,18.81,3940080770056d,Missouri
39.66888889,-77.01555556,3.11,3939590795559d,Maryland
39.66638889,-79.93305556,97.72,3939430854909d,Virginia
39.66194444,-85.81916667,18.82,3939281135226d,Indiana
39.65777778,-113.8738889,31.83,3939021035540d,Utah
39.65055556,-103.9277778,12.6,3938510773430d,Colorado
39.6475,-77.575,45.58,3938041161658d,Maryland
39.63444444,-116.2827778,5.66,3938041161658d,Nevada
39.63444444,-116.2827778,-1.86,3937500903331d,Nevada
39.63055556,-90.55861111,6.5,3937490791903d,Illinois
39.63027778,-79.3175,15.02,3936190870430d,Maryland
39.60527778,-87.075,15,3936160861345d,Indiana
39.60444444,-86.22916667,14.28,3935440930756d,Indiana
39.59555556,-93.13222222,21.29,3935220855554d,Missouri
39.58944444,-85.93166667,12.3,3934230861610d,Indiana
39.57305556,-86.26944444,13.33,3933330744424d,Indiana
39.55916667,-74.74,37.65,3933180841901d,New Jersey
39.555,-84.31694444,18.99,3933101144750d,Ohio
39.55277778,-114.7972222,12.96,	393153083322d,Nevada
4.554166667,-308.5561111,7.89,3929310764103d,Other
39.49194444,-76.68416667,38.27,3929020842559d,Maryland
39.48388889,-84.43305556,12.16,3928200872426d,Ohio
39.47222222,-87.40722222,42.39,3928130921247d,Indiana
39.47027778,-92.21305556,134.91,3928080842836d,Missouri
39.46888889,-84.47666667,30.67,3927570775010d,Ohio
39.46583333,-77.83611111,48.94,3927330750924d,Virginia
39.45916667,-75.15666667,176.76,3927320750924d,New Jersey
39.45888889,-75.15666667,5.46,3927310750924d,New Jersey
39.45861111,-75.15666667,5.46,3927250775824d,New Jersey
39.45694444,-77.97333333,48.78,3926120862300d,Virginia
39.43666667,-86.38333333,61.62,	392553081281d,Indiana
4.548611111,-308.2225,29.56,3923360945504d,Other
39.39333333,-94.91777778,14.91,3923210921539d,Missouri
39.38916667,-92.26083333,117.38,3922360843348d,Missouri
39.37666667,-84.56333333,11.28,3922000785320d,Ohio
39.36666667,-78.88888889,25.83,3921470905419d,Virginia
39.36305556,-90.90527778,45.78,3921040775548d,Missouri
39.35111111,-77.93,22.28,3920450933024d,Virginia
39.34583333,-93.50666667,10.42,3920220853718d,Missouri
39.33944444,-85.62166667,4.2,	392016082272d,Indiana
4.533611111,-608.3866667,51.3,3919330754350d,Other
39.32583333,-75.73055556,7.85,3919200780322d,Delaware
39.32222222,-78.05611111,30.15,3919050843810d,Virginia
39.31805556,-84.63611111,32.93,3918250912851d,Ohio
39.30694444,-91.48083333,92.78,3916270855344d,Missouri
39.27416667,-85.89555556,17.82,3915420774238d,Indiana
39.26166667,-77.71055556,59.83,3913080810642d,Virginia
39.21888889,-81.11166667,27.02,3912360941702d,Virginia
39.21,-94.28388889,11.51,3912220931855d,Missouri
39.20611111,-93.31527778,56.06,3911490920729d,Missouri
39.19694444,-92.12472222,379.58,3910200802441d,Missouri
39.17222222,-80.41138889,42.98,3909480780016d,Virginia
39.16333333,-78.00444444,38.86,3909450942340d,Virginia
39.1625,-94.39444444,32.24,3909450914940d,Missouri
39.1625,-91.82777778,333.97,3909251114553d,Missouri
39.15694444,-111.7647222,19.32,	390841082535d,Utah
4.523333333,-108.4263889,22.93,3907500932334d,Other
39.13055556,-93.39277778,85.42,3907430775045d,Missouri
39.12861111,-77.84583333,29.9,3907401030558d,Virginia
39.12777778,-103.0994444,48.09,3906510921251d,Colorado
39.11416667,-92.21416667,403.76,3906230773142d,Missouri
39.10638889,-77.52833333,33.3,3903480780355d,Virginia
39.06333333,-78.06527778,37.8,3903330783708d,Virginia
39.05916667,-78.61888889,14.67,3902070925708d,Virginia
39.03527778,-92.95222222,59.32,3901560745334d,Missouri
39.03222222,-74.89277778,12.77,3901500905428d,New Jersey
39.03055556,-90.90777778,251.17,3858490795639d,Missouri
38.98027778,-79.94416667,45.28,3858450905838d,Virginia
38.97916667,-90.97722222,190.27,3858370905947d,Missouri
38.97694444,-90.99638889,368.75,3857180922342d,Missouri
38.955,-92.395,169.79,3856380772201d,Missouri
38.94388889,-77.36694444,14.99,3856070773811d,Virginia
38.93527778,-77.63638889,9.95,3855211145036d,Virginia
38.9225,-114.8433333,433.95,3855120881124d,Nevada
38.92,-88.19,4.56,3854320913432d,Illinois
38.90888889,-91.57555556,253.92,3854280912650d,Missouri
38.90777778,-91.44722222,361.38,3850410753956d,Missouri
38.84472222,-75.66555556,13.59,3849570774817d,Delaware
38.8325,-77.80472222,22.55,3849510872025d,Virginia
38.83083333,-87.34027778,13.48,3849490852519d,Indiana
38.82138889,-91.99555556,371.7,3848490900920d,Missouri
38.81361111,-90.15555556,16.78,3848460905103d,Missouri
38.81277778,-90.85083333,230.68,3848320931925d,Missouri
38.80888889,-93.32361111,189.72,3848210784723d,Missouri
38.80583333,-78.78972222,13.55,3847370903720d,Virginia
38.79361111,-90.62222222,91.15,3847130914743d,Missouri
38.78694444,-91.79527778,244.44,3845450933316d,Missouri
38.7625,-93.55444444,176.59,3845340934311d,Missouri
38.75944444,-93.71972222,148.91,3844550932010d,Missouri
38.74861111,-93.33611111,272.51,3843330763947d,Missouri
38.72583333,-76.66305556,175.3,3842580912430d,Maryland
38.71611111,-91.40833333,20.11,3841470931019d,Missouri
38.69638889,-93.17194444,176.87,3839301224948d,Missouri
38.65833333,-122.83,19.12,3839290924649d,California
38.65805556,-92.78027778,122.95,3839060905114d,Missouri
38.65166667,-90.85388889,40.59,3837460764829d,Missouri
38.62944444,-76.80805556,4.81,3837300752135d,Maryland
38.625,-75.35972222,11.98,3837070923117d,Delaware
38.61861111,-92.52138889,240.86,3836590865459d,Missouri
38.61638889,-86.91638889,25.89,3836440911249d,Indiana
38.61222222,-91.21361111,43.23,	383638082103d,Missouri
4.400833333,-808.3508333,32.71,3836280904119d,Other
38.60777778,-90.68861111,97.37,3835500920942d,Missouri
38.59722222,-92.16166667,20.23,3834230772459d,Missouri
38.57305556,-77.41638889,7.19,3833480764113d,Virginia
38.56333333,-76.68694444,83.13,3833480764113d,Maryland
38.56333333,-76.68694444,77.19,3833020904202d,Maryland
38.55055556,-90.70055556,182.66,3832470873610d,Missouri
38.54638889,-87.60277778,10.22,3832390763542d,Indiana
38.54416667,-76.595,211.67,3832260920540d,Maryland
38.54055556,-92.09444444,179.64,3830480892632d,Missouri
38.51333333,-89.44222222,4.54,3830310903841d,Illinois
38.50861111,-90.64472222,220.09,3828360915023d,Missouri
38.47666667,-91.83972222,320.41,3827480935951d,Missouri
38.46333333,-93.9975,106.03,3827450912757d,Missouri
38.4625,-91.46583333,151.88,3827260931216d,Missouri
38.45722222,-93.20444444,55.4,3826350750306d,Missouri
38.44305556,-75.05166667,12.51,3825490762601d,Maryland
38.43027778,-76.43361111,116.66,3825230785355d,Maryland
38.42305556,-78.89861111,20.81,3824430750335d,Virginia
38.41194444,-75.05972222,5.87,3824070762603d,Maryland
38.40194444,-76.43416667,238.05,3823250750633d,Maryland
38.39027778,-75.10916667,7.56,3823231042007d,Maryland
38.38972222,-104.3352778,21.99,3823230860445d,Colorado
38.38972222,-86.07916667,11.01,3822150750419d,Indiana
38.37083333,-75.07194444,11.7,3822050823045d,Maryland
38.36805556,-82.5125,34.14,3821560853824d,Virginia
38.36555556,-85.64,34.18,3821500784240d,Indiana
38.36388889,-78.71111111,71.92,3821000905928d,Virginia
38.35,-90.99111111,63.31,3820461125927d,Missouri
38.34611111,-112.9908333,93.21,3820380750659d,Utah
38.34388889,-75.11638889,5.88,3820080802928d,Maryland
38.33555556,-80.49111111,24.45,3819560762753d,Virginia
38.33222222,-76.46472222,151.96,3816520932155d,Maryland
38.28111111,-93.36527778,72.37,3816190813929d,Missouri
38.27194444,-81.65805556,29.66,3814050902603d,Virginia
38.23472222,-90.43416667,94.44,3812170911045d,Missouri
38.20472222,-91.17916667,171.53,3811320765510d,Missouri
38.19222222,-76.91944444,7.04,3811100765505d,Virginia
38.18611111,-76.91805556,78.93,3810450915648d,Virginia
38.17916667,-91.94666667,127.3,3810020780942d,Missouri
38.16722222,-78.16166667,33.57,3809000911539d,Virginia
38.15,-91.26083333,213.05,3807581152046d,Missouri
38.13277778,-115.3461111,796.31,3807580875510d,Nevada
38.13277778,-87.91944444,17.49,3807170923954d,Indiana
38.12138889,-92.665,122.56,3806530801553d,Missouri
38.11472222,-80.26472222,69.72,3806260873444d,Virginia
38.10722222,-87.57888889,22.91,3806160753807d,Indiana
38.10444444,-75.63527778,5.22,3805450942135d,Maryland
38.09583333,-94.35972222,100.62,3805311145342d,Missouri
38.09194444,-114.895,844.24,3805010903355d,Nevada
38.08361111,-90.56527778,106.93,3804350902813d,Missouri
38.07638889,-90.47027778,90.64,3803220911426d,Missouri
38.05611111,-91.24055556,144.26,3802520794728d,Missouri
38.04777778,-79.79111111,9.01,3802290934647d,Virginia
38.04138889,-93.77972222,99.68,3800380924427d,Missouri
38.01055556,-92.74083333,259.38,3759280843620d,Missouri
37.99111111,-84.60555556,10.54,3758330822121d,Kentucky
37.97583333,-82.35583333,29.8,3757490914750d,Virginia
37.96361111,-91.79722222,368.02,3757230753444d,Missouri
37.95638889,-75.57888889,9.96,3756350752715d,Virginia
37.94305556,-75.45416667,21.74,3756350752715d,Virginia
37.94305556,-75.45416667,9.24,3756250914804d,Virginia
37.94027778,-91.80111111,189.96,3756170904654d,Missouri
37.93805556,-90.78166667,205.86,3754290923007d,Missouri
37.90805556,-92.50194444,16.77,3753060901253d,Missouri
37.885,-90.21472222,314.62,3752590931814d,Missouri
37.88305556,-93.30388889,49.38,3750501090348d,Missouri
37.84722222,-109.0633333,37.87,3750060761831d,Utah
37.835,-76.30861111,63.8,3746490902426d,Virginia
37.78027778,-90.40722222,65.2,3744530882617d,Missouri
37.74805556,-88.43805556,6.08,3744410771218d,Illinois
37.74472222,-77.205,198.11,3744410771218d,Virginia
37.74472222,-77.205,187.69,3744250754000d,Virginia
37.74027778,-75.66666667,98.99,3744250754000d,Virginia
37.74027778,-75.66666667,49.2,3742540945245d,Virginia
37.715,-94.87916667,20.05,3741510854132d,Kansas
37.6975,-85.69222222,103.18,3740121054104d,Kentucky
37.67,-105.6844444,6.68,3739550910659d,Colorado
37.66527778,-91.11638889,189.32,3739301184916d,Missouri
37.65833333,-118.8211111,75.88,3739240772230d,California
37.65666667,-77.375,175.7,3739240772230d,Virginia
37.65666667,-77.375,175.78,3739060923852d,Virginia
37.65166667,-92.64777778,213.25,3739051185707d,Missouri
37.65138889,-118.9519444,492.45,3739041185707d,California
37.65111111,-118.9519444,331.5,3739041185707d,California
37.65111111,-118.9519444,331.52,3738451185742d,California
37.64583333,-118.9616667,351.39,3738451185742d,California
37.64583333,-118.9616667,351.32,3738390812552d,California
37.64416667,-81.43111111,27.2,3738301092832d,Virginia
37.64166667,-109.4755556,63.31,3737580792716d,Utah
37.63277778,-79.45444444,24.02,3737370770832d,Virginia
37.62694444,-77.14222222,20.14,3737010931516d,Virginia
37.61694444,-93.25444444,58.69,3736530913301d,Missouri
37.61472222,-91.55027778,328.43,3736200934703d,Missouri
37.60555556,-93.78416667,134.36,3735590900829d,Missouri
37.59972222,-90.14138889,164.66,3733160771252d,Missouri
37.55444444,-77.21444444,210.76,3733160771252d,Virginia
37.55444444,-77.21444444,212.12,3732350764823d,Virginia
37.54305556,-76.80638889,192.76,3732350764823d,Virginia
37.54305556,-76.80638889,185.12,3732350764822d,Virginia
37.54305556,-76.80611111,12.87,3732340803201d,Virginia
37.54277778,-80.53361111,92.51,3732100901806d,Virginia
37.53611111,-90.30166667,99.29,3731460781612d,Missouri
37.52944444,-78.27,33.54,3730540765845d,Virginia
37.515,-76.97916667,96.15,3729580941610d,Virginia
37.49944444,-94.26944444,297.05,3729340765146d,Missouri
37.49277778,-76.86277778,117.94,3728530910618d,Virginia
37.48138889,-91.105,146.93,3727150905107d,Missouri
37.45416667,-90.85194444,18.67,3727050755559d,Missouri
37.45138889,-75.93305556,8.1,3726391145209d,Virginia
37.44416667,-114.8691667,863.29,3726210764043d,Nevada
37.43916667,-76.67861111,41.16,3726210764042d,Virginia
37.43916667,-76.67833333,97.94,3726210764042d,Virginia
37.43916667,-76.67833333,105.75,3726080784046d,Virginia
37.43555556,-78.67944444,24.1,3725460765329d,Virginia
37.42944444,-76.89138889,122.02,3725430792954d,Virginia
37.42861111,-79.49833333,9.84,3725430792954d,Virginia
37.42861111,-79.49833333,14.71,3725350765813d,Virginia
37.42638889,-76.97027778,111.02,3725350765813d,Virginia
37.42638889,-76.97027778,114.45,3725210893624d,Virginia
37.4225,-89.60666667,165.74,3723380940528d,Missouri
37.39388889,-94.09111111,332.74,3723220812415d,Missouri
37.38944444,-81.40416667,22.87,3722240794236d,Virginia
37.37333333,-79.71,9.2,3722230802348d,Virginia
37.37305556,-80.39666667,44.05,3722020943702d,Virginia
37.36722222,-94.61722222,253.19,3722020943702d,Missouri
37.36722222,-94.61722222,239.24,3721560764317d,Missouri
37.36555556,-76.72138889,128.87,3721560764317d,Virginia
37.36555556,-76.72138889,129.07,3721530913223d,Virginia
37.36472222,-91.53972222,64.79,3721500794223d,Missouri
37.36388889,-79.70638889,33.47,3721450764932d,Virginia
37.3625,-76.82555556,185.66,3720530784938d,Virginia
37.34805556,-78.82722222,1.88,3718410815842d,Virginia
37.31138889,-81.97833333,19.55,3718010932604d,Virginia
37.30027778,-93.43444444,187.14,3718000920948d,Missouri
37.3,-92.16333333,267.65,3716530795521d,Missouri
37.28138889,-79.9225,18.88,3716440772446d,Virginia
37.27888889,-77.41277778,15.86,3715480931447d,Virginia
37.26333333,-93.24638889,227.84,3715480931447d,Missouri
37.26333333,-93.24638889,18.63,3715430760034d,Missouri
37.26194444,-76.00944444,12.05,3714350931347d,Virginia
37.24305556,-93.22972222,353.91,3712080763411d,Missouri
37.20222222,-76.56972222,142.56,3712080763411d,Virginia
37.20222222,-76.56972222,142.83,3711320764055d,Virginia
37.19222222,-76.68194444,83.56,3711320764055d,Virginia
37.19222222,-76.68194444,87.38,3711220781144d,Virginia
37.18944444,-78.19555556,15.89,3710400763517d,Virginia
37.17777778,-76.58805556,113.82,3710360941713d,Virginia
37.17666667,-94.28694444,292.79,3709070931441d,Missouri
37.15194444,-93.24472222,268.98,3708410762752d,Missouri
37.14472222,-76.46444444,11.69,3708280942741d,Virginia
37.14111111,-94.46138889,570.49,3708120802619d,Missouri
37.13666667,-80.43861111,4.77,3707120764132d,Virginia
37.12,-76.69222222,9.51,3706550930353d,Virginia
37.11527778,-93.06472222,219.34,3706240922447d,Missouri
37.10666667,-92.41305556,574.15,3706040824039d,Missouri
37.10111111,-82.6775,37.65,3706000942235d,Virginia
37.1,-94.37638889,16.35,3705390934940d,Missouri
37.09416667,-93.82777778,63.49,3705390934940d,Missouri
37.09416667,-93.82777778,194.98,3703540933259d,Missouri
37.065,-93.54972222,178.47,3702480900426d,Missouri
37.04666667,-90.07388889,8.15,3702350771140d,Missouri
37.04305556,-77.19444444,98.77,3702350771140d,Virginia
37.04305556,-77.19444444,99.7,3702240943202d,Virginia
37.04,-94.53388889,80.17,3700530765339d,Missouri
37.01472222,-76.89416667,128.44,3700530765339d,Virginia
37.01472222,-76.89416667,128.61,3700050931224d,Virginia
37.00138889,-93.20666667,250.29,3659490914214d,Missouri
36.99694444,-91.70388889,333.28,3659420945042d,Missouri
36.995,-94.845,28.64,3657560762512d,Oklahoma
36.96555556,-76.42,97,3656540910013d,Virginia
36.94833333,-91.00361111,19.29,3656450934316d,Missouri
36.94583333,-93.72111111,85.15,3656440940013d,Missouri
36.94555556,-94.00361111,95.32,3656021124602d,Missouri
36.93388889,-112.7672222,74.42,3656020923951d,Arizona
36.93388889,-92.66416667,285.5,3655590920300d,Missouri
36.93305556,-92.05,205.22,3655300771040d,Missouri
36.925,-77.17777778,68.9,3655300771040d,Virginia
36.925,-77.17777778,81.78,3654540770144d,Virginia
36.915,-77.02888889,129.01,3654540770144d,Virginia
36.915,-77.02888889,129.04,3654510935555d,Virginia
36.91416667,-93.93194444,159.62,3654150933423d,Missouri
36.90416667,-93.57305556,19.24,3654110760716d,Missouri
36.90305556,-76.12111111,8.11,3654110760716d,Virginia
36.90305556,-76.12111111,8.54,3654031124528d,Virginia
36.90083333,-112.7577778,89.62,3653370762516d,Arizona
36.89361111,-76.42111111,94.26,3653370762516d,Virginia
36.89361111,-76.42111111,105.79,3653190893310d,Virginia
36.88861111,-89.55277778,7.97,3653070760553d,Missouri
36.88527778,-76.09805556,18.36,3653070760553d,Virginia
36.88527778,-76.09805556,28.24,3652361124425d,Virginia
36.87666667,-112.7402778,88.56,3652100883913d,Arizona
36.86944444,-88.65361111,8.58,3652041053655d,Kentucky
36.86777778,-105.6152778,2.03,3651500760511d,New Mexico
36.86388889,-76.08638889,23.21,3651410903040d,Virginia
36.86138889,-90.51111111,116.05,3651240755907d,Missouri
36.85666667,-75.98527778,12.65,3651240755907d,Virginia
36.85666667,-75.98527778,12.91,3648520762522d,Virginia
36.81444444,-76.42277778,89.84,3648520762522d,Virginia
36.81444444,-76.42277778,89.16,3648310981202d,Virginia
36.80861111,-98.20055556,4.13,3648210981449d,Oklahoma
36.80583333,-98.24694444,4.72,3648180941853d,Oklahoma
36.805,-94.31472222,322.92,3648180941853d,Missouri
36.805,-94.31472222,97.62,3647450760043d,Missouri
36.79583333,-76.01194444,8.38,3647450760043d,Virginia
36.79583333,-76.01194444,12.67,3647320800703d,Virginia
36.79222222,-80.1175,19.91,3647150760308d,Virginia
36.7875,-76.05222222,10.12,3647130760307d,Virginia
36.78694444,-76.05194444,12.9,3646501144320d,Virginia
36.78055556,-114.7222222,396.64,3646430892123d,Nevada
36.77861111,-89.35638889,9.78,3646420770416d,Mississippi
36.77833333,-77.07111111,95.8,3646420770416d,Virginia
36.77833333,-77.07111111,108.5,3646190762743d,Virginia
36.77194444,-76.46194444,114.25,3646190762742d,Virginia
36.77194444,-76.46166667,120.82,3645580760745d,Virginia
36.76611111,-76.12916667,7.94,3645580760744d,Virginia
36.76611111,-76.12888889,6.69,3645120763437d,Virginia
36.75333333,-76.57694444,92.32,3645040760313d,Virginia
36.75111111,-76.05361111,5.64,3644530935436d,Virginia
36.74805556,-93.91,250.47,3644530935436d,Missouri
36.74805556,-93.91,39.78,3643581203149d,Missouri
36.73277778,-120.5302778,409.26,3643540762450d,California
36.73166667,-76.41388889,1.34,3643381101546d,Virginia
36.72722222,-110.2627778,175.82,3643370963154d,Arizona
36.72694444,-96.53166667,150.39,3643250760115d,Oklahoma
36.72361111,-76.02083333,9.67,3643240915150d,Virginia
36.72333333,-91.86388889,210.64,3643170762945d,Missouri
36.72138889,-76.49583333,0.35,3643130941211d,Virginia
36.72027778,-94.20305556,194.78,3642551080532d,Missouri
36.71527778,-108.0922222,37.01,3642180780157d,New Mexico
36.705,-78.0325,21.69,3641260760035d,Virginia
36.69055556,-76.00972222,4.27,3640590935200d,Virginia
36.68305556,-93.86666667,348.39,3640590765449d,Missouri
36.68305556,-76.91361111,129.88,3640330765626d,Virginia
36.67583333,-76.94055556,128.23,3640330765626d,Virginia
36.67583333,-76.94055556,119.79,3640220824502d,Virginia
36.67277778,-82.75055556,79.59,3640060932003d,Virginia
36.66833333,-93.33416667,331.59,3639280763329d,Missouri
36.65777778,-76.55805556,10.65,3638550931347d,Virginia
36.64861111,-93.22972222,159.85,3638501101008d,Missouri
36.64722222,-110.1688889,203.16,3637490834307d,Arizona
36.63027778,-83.71861111,7.79,3637280931504d,Kentucky
36.62444444,-93.25111111,212.24,3636420763125d,Missouri
36.61166667,-76.52361111,1.39,3636250765226d,Virginia
36.60694444,-76.87388889,175.94,3635510901528d,Virginia
36.5975,-90.25777778,23.95,3635500942326d,Missouri
36.59722222,-94.39055556,364.91,3634420903643d,Missouri
36.57833333,-90.61194444,11.54,3634360923910d,Missouri
36.57666667,-92.65277778,45.79,3633370755950d,Missouri
36.56027778,-75.99722222,4.86,3633370755950d,Virginia
36.56027778,-75.99722222,13.79,3633200762611d,Virginia
36.55555556,-76.43638889,1.37,3632360942903d,Virginia
36.54333333,-94.48416667,480.36,3631431103550d,Missouri
36.52861111,-110.5972222,217.03,3630331014407d,Arizona
36.50916667,-101.7352778,242.11,3629550895818d,Oklahoma
36.49861111,-89.97166667,15.16,3629361095641d,Missouri
36.49333333,-109.9447222,374.75,3629350962915d,Arizona
36.49305556,-96.4875,4.71,3627180895523d,Oklahoma
36.455,-89.92305556,-1.4,3627141030712d,Missouri
36.45388889,-103.12,174.45,3625291161711d,New Mexico
36.42472222,-116.2863889,47.96,3625000892811d,Nevada
36.41666667,-89.46972222,19.93,3622310794108d,Tennessee
36.37527778,-79.68555556,22.72,	362155094254d,North Carolina
4.0375,-509.715,71.11,3619351201345d,Other
36.32638889,-120.2291667,463.93,3618290761632d,California
36.30805556,-76.27555556,4.8,3617390993233d,North Carolina
36.29416667,-99.5425,124.61,3617041151219d,Oklahoma
36.28444444,-115.2052778,108.12,3613341200351d,Nevada
36.22611111,-120.0641667,507.65,3612321150610d,California
36.20888889,-115.1027778,1.77,3612251102407d,Nevada
36.20694444,-110.4019444,829.5,3611450893941d,Arizona
36.19583333,-89.66138889,21.13,3610110795954d,Missouri
36.16972222,-79.99833333,20.65,3605530873522d,North Carolina
36.09805556,-87.58944444,12.88,3605430843431d,Tennessee
36.09527778,-84.57527778,2.91,3605360941057d,Tennessee
36.09333333,-94.1825,21.36,3605210854326d,Arkansas
36.08916667,-85.72388889,50.23,3604250894850d,Tennessee
36.07361111,-89.81388889,16.51,3603520784144d,Missouri
36.06444444,-78.69555556,26.47,3602520901732d,North Carolina
36.04777778,-90.29222222,-20.14,3602520901732d,Missouri
36.04777778,-90.29222222,11.03,3600551103040d,Missouri
36.01527778,-110.5111111,418.93,3559440790134d,Arizona
35.99555556,-79.02611111,35.88,3559331190620d,North Carolina
35.9925,-119.1055556,355.98,3556570783426d,California
35.94916667,-78.57388889,37.12,3556350783851d,North Carolina
35.94305556,-78.6475,107.79,3554570782327d,North Carolina
35.91583333,-78.39083333,9.5,3553590803317d,North Carolina
35.89972222,-80.55472222,15.61,3550310812432d,North Carolina
35.84194444,-81.40888889,21.3,3550310812432d,North Carolina
35.84194444,-81.40888889,10.84,3549160905125d,North Carolina
35.82111111,-90.85694444,85.86,3548550785532d,Arkansas
35.81527778,-78.92555556,42.77,3548180782341d,North Carolina
35.805,-78.39472222,19.8,3547480783159d,North Carolina
35.79666667,-78.53305556,27.73,3546490784007d,North Carolina
35.78027778,-78.66861111,6.18,3546490784007d,North Carolina
35.78027778,-78.66861111,5.74,3546160810851d,North Carolina
35.77111111,-81.1475,37.71,3546160810851d,North Carolina
35.77111111,-81.1475,37.47,3544180764636d,North Carolina
35.73833333,-76.77666667,4.67,3543590784031d,North Carolina
35.73305556,-78.67527778,30.57,3543150783001d,North Carolina
35.72083333,-78.50027778,17.47,3543150783001d,North Carolina
35.72083333,-78.50027778,18.98,3543020814332d,North Carolina
35.71722222,-81.72555556,11.38,3543020814332d,North Carolina
35.71722222,-81.72555556,8.38,3542270762329d,North Carolina
35.7075,-76.39138889,4.61,3542160762712d,North Carolina
35.70444444,-76.45333333,2.71,3541440784601d,North Carolina
35.69555556,-78.76694444,31.53,3541440784601d,North Carolina
35.69555556,-78.76694444,25.77,3541330820422d,North Carolina
35.6925,-82.07277778,29.8,3541330820422d,North Carolina
35.6925,-82.07277778,29.79,3541260763142d,North Carolina
35.69055556,-76.52833333,3.95,3540570803626d,North Carolina
35.6825,-80.60722222,7.25,3539220833456d,North Carolina
35.65611111,-83.58222222,8.99,3538390894935d,Tennessee
35.64416667,-89.82638889,202.12,3538330784933d,Tennessee
35.6425,-78.82583333,24.82,3538270762930d,North Carolina
35.64083333,-76.49166667,1.82,3536060905107d,North Carolina
35.60166667,-90.85194444,126.57,3535090784041d,Arkansas
35.58583333,-78.67805556,28.96,3535090784041d,North Carolina
35.58583333,-78.67805556,7.77,3532190771538d,North Carolina
35.53861111,-77.26055556,7.76,3531350805242d,North Carolina
35.52638889,-80.87833333,24.71,3531350805242d,North Carolina
35.52638889,-80.87833333,19.94,3527260905231d,North Carolina
35.45722222,-90.87527778,111.33,3525150860117d,Arkansas
35.42083333,-86.02138889,18.7,3523150824844d,Tennessee
35.3875,-82.81222222,5,3520120811543d,North Carolina
35.33666667,-81.26194444,36.63,3520120811543d,North Carolina
35.33666667,-81.26194444,42.23,3518490781639d,North Carolina
35.31361111,-78.2775,7.6,3518080823743d,North Carolina
35.30222222,-82.62861111,31.28,3517090824341d,North Carolina
35.28583333,-82.72805556,15.36,3514280850036d,North Carolina
35.24111111,-85.01,6.49,3513080983416d,Tennessee
35.21888889,-98.57111111,69.12,3512480851316d,Oklahoma
35.21333333,-85.22111111,19.81,3512141110221d,Tennessee
35.20388889,-111.0391667,329.59,3511460851227d,Arizona
35.19611111,-85.2075,63.53,3511320792753d,Tennessee
35.19222222,-79.46472222,53.29,3511260793014d,North Carolina
35.19055556,-79.50388889,84.75,3511210835450d,North Carolina
35.18916667,-83.91388889,7.1,3511150850250d,North Carolina
35.1875,-85.04722222,10.34,3510221110618d,Tennessee
35.17277778,-111.105,614.69,3509591105623d,Arizona
35.16638889,-110.9397222,228.06,3509000894823d,Arizona
35.15,-89.80638889,103.98,3508570895914d,Tennessee
35.14916667,-89.98722222,30.51,3507500850458d,Tennessee
35.13055556,-85.08277778,12.79,3507350895933d,Tennessee
35.12638889,-89.9925,97.82,3505060894831d,Tennessee
35.085,-89.80861111,153.63,3504141044851d,Tennessee
35.07055556,-104.8141667,370.83,3504060894444d,New Mexico
35.06833333,-89.74555556,97.16,3500021103555d,Tennessee
35.00055556,-110.5986111,36.63,3459001064112d,Arizona
34.975,-81.05861111,23.58,3458300810331d,South Carolina
34.975,-81.05861111,25.94,3458120793134d,South Carolina
34.97,-79.52611111,30.4,3458090773014d,North Carolina
34.96916667,-77.50388889,9.87,3456090804151d,North Carolina
34.93583333,-80.6975,44.07,3456090804151d,North Carolina
34.93583333,-80.6975,31.62,3456031104503d,North Carolina
34.93416667,-110.7508333,267.63,3454030851600d,Arizona
34.90083333,-85.26666667,13.97,3451450815029d,Georgia
34.8625,-81.84138889,40.62,3450570915256d,South Carolina
34.84916667,-91.88222222,123.43,3450510830418d,Arkansas
34.8475,-83.07166667,28.81,3450510780121d,South Carolina
34.8475,-78.0225,6.8,3446530913827d,North Carolina
34.78138889,-91.64083333,114.21,3446510913551d,Arkansas
34.78083333,-91.5975,128.84,3445440792637d,Arkansas
34.76222222,-79.44361111,28.71,3445200792810d,North Carolina
34.75555556,-79.46944444,18.76,3444311063934d,North Carolina
34.74194444,-106.6594444,196.43,3444311063934d,New Mexico
34.74194444,-106.6594444,196.79,3443330805036d,New Mexico
34.72583333,-80.84333333,33.9,3443330805036d,South Carolina
34.72583333,-80.84333333,31.09,3443140834332d,South Carolina
34.72055556,-83.72555556,5.04,3440000812500d,Georgia
34.66666667,-81.41666667,85.87,3437531064306d,South Carolina
34.63138889,-106.7183333,132.99,3437531064306d,New Mexico
34.63138889,-106.7183333,133.36,3437260934818d,New Mexico
34.62388889,-93.805,48.38,3437140822856d,Arkansas
34.62055556,-82.48222222,3.19,3434570964045d,South Carolina
34.5825,-96.67916667,112.77,3434450964943d,Oklahoma
34.57916667,-96.82861111,135.34,3431520882130d,Oklahoma
34.53111111,-88.35833333,71.75,3431080904626d,Mississippi
34.51888889,-90.77388889,15.85,3431050801721d,Arkansas
34.51805556,-80.28916667,12.75,3430480930304d,South Carolina
34.51333333,-93.05111111,114.87,3430220965657d,Arkansas
34.50611111,-96.94916667,30.94,3430170965615d,Oklahoma
34.50472222,-96.9375,56.54,3429220845116d,Oklahoma
34.48944444,-84.85444444,23.65,3427180872856d,Georgia
34.455,-87.48222222,10.05,3426330964944d,Alabama
34.4425,-96.82888889,73.51,3426301194423d,Oklahoma
34.44166667,-119.7397222,111.22,3425270964933d,California
34.42416667,-96.82583333,32.89,3424400804439d,Oklahoma
34.41111111,-80.74416667,46.04,3424400804439d,South Carolina
34.41111111,-80.74416667,52.38,3414530915441d,South Carolina
34.24805556,-91.91138889,275.54,3410101022408d,Arkansas
34.16944444,-102.4022222,152.48,3408041172216d,Texas
34.13444444,-117.3711111,347.51,3408041172216d,California
34.13444444,-117.3711111,347.47,3407161172306d,California
34.12111111,-117.385,411.99,3407161172306d,California
34.12111111,-117.385,412.08,3407071171627d,California
34.11861111,-117.2741667,249.34,3407071171627d,California
34.11861111,-117.2741667,252.85,3406551171840d,California
34.11527778,-117.3111111,284.64,3406151171709d,California
34.10416667,-117.2858333,158.57,3406151171709d,California
34.10416667,-117.2858333,201.4,3405411170744d,California
34.09472222,-117.1288889,280.07,3405411170744d,California
34.09472222,-117.1288889,284.08,3405211172120d,California
34.08916667,-117.3555556,296.13,3405211172120d,California
34.08916667,-117.3555556,277.18,3405031171041d,California
34.08416667,-117.1780556,210.06,3405031171041d,California
34.08416667,-117.1780556,210.03,3404160780842d,California
34.07111111,-78.145,8.95,3404081171653d,North Carolina
34.06888889,-117.2813889,193.21,3404081171653d,California
34.06888889,-117.2813889,180.26,3402481170209d,California
34.04666667,-117.0358333,341.15,3402481170209d,California
34.04666667,-117.0358333,345.71,3402040831326d,California
34.03444444,-83.22388889,14.09,3401361170339d,Georgia
34.02666667,-117.0608333,263.87,3401361170339d,California
34.02666667,-117.0608333,262.24,3401301170549d,California
34.025,-117.0969444,301.16,3401301170549d,California
34.025,-117.0969444,300.43,3400590802407d,California
34.01277778,-117.0355556,348.69,3400461170208d,California
34.01277778,-117.0355556,348.32,3400420950518d,California
34.01166667,-95.08833333,73.07,3359290870210d,Oklahoma
33.99138889,-87.03611111,39.99,3359110905539d,Alabama
33.98638889,-90.9275,0.6,3358490780543d,Mississippi
33.98027778,-78.09527778,43.67,3356310780036d,North Carolina
33.94194444,-78.01,20.81,3356310780036d,North Carolina
33.94194444,-78.01,21.75,3356290781154d,North Carolina
33.94138889,-78.19833333,4.16,3356290781154d,North Carolina
33.94138889,-78.19833333,8.07,3356120843129d,North Carolina
33.93666667,-84.52472222,22.12,3355170841640d,Georgia
33.92138889,-84.27777778,8.17,3354081171544d,Georgia
33.90222222,-117.2622222,10.03,3353360822146d,California
33.89333333,-82.36277778,38.71,3353350783519d,South Carolina
33.89305556,-78.58861111,15.57,3352580911523d,North Carolina
33.88277778,-91.25638889,28.72,3351331171405d,Arkansas
33.85916667,-117.2347222,41.34,3342150894427d,California
33.70416667,-89.74083333,11.18,3342070842548d,Mississippi
33.70194444,-84.43,5.21,3332510903238d,Georgia
33.5475,-90.54388889,29,3332040873246d,Mississippi
33.53444444,-87.54611111,42.04,3331221163940d,Alabama
33.52277778,-116.6611111,63.65,3330011170057d,California
33.50027778,-117.0158333,314.75,3330011170057d,California
33.50027778,-117.0158333,303.62,3328571170433d,California
33.4825,-117.0758333,324.39,3328571170433d,California
33.4825,-117.0758333,307.72,3328191170706d,California
33.47194444,-117.1183333,32.68,3328191170706d,California
33.47194444,-117.1183333,31.17,3327471170611d,California
33.46305556,-117.1030556,65.2,3327471170611d,California
33.46305556,-117.1030556,81.1,3325280820033d,California
33.42444444,-82.00916667,6.44,3322210815846d,Georgia
33.3725,-81.97944444,35.73,3322210815846d,Georgia
33.3725,-81.97944444,41.81,3322050924330d,Georgia
33.36805556,-92.725,130,3321310820134d,Arkansas
33.35861111,-82.02611111,68,3319440820255d,Georgia
33.32888889,-82.04861111,214.95,3317110815737d,Georgia
33.28638889,-81.96027778,131.08,3316090931449d,Georgia
33.26916667,-93.24694444,263.28,3315070841718d,Arkansas
33.25194444,-84.28833333,15.38,3314380924119d,Georgia
33.24388889,-92.68861111,230.82,3313540923224d,Arkansas
33.23166667,-92.54,247.85,3312560924837d,Arkansas
33.21555556,-92.81027778,277.05,3311450924130d,Arkansas
33.19583333,-92.69166667,96.32,3310220800218d,Arkansas
33.17277778,-80.03833333,67.71,3306240915528d,South Carolina
33.10666667,-91.92444444,84.25,3305551170101d,Arkansas
33.09861111,-117.0169444,12.87,3305551170101d,California
33.09861111,-117.0169444,12.91,3305141165829d,California
33.08722222,-116.9747222,70.1,3305141165829d,California
33.08722222,-116.9747222,70.18,3303201170247d,California
33.05555556,-117.0463889,11.94,3303201170247d,California
33.05555556,-117.0463889,16.3,3300020924459d,California
33.00055556,-92.74972222,250.84,3258480824809d,Louisiana
32.98,-82.8025,248.93,3258170904642d,Georgia
32.97138889,-90.77833333,-1.88,	325550101381d,Mississippi
3.431944444,-10.23916667,15.09,3255180932219d,Other
32.92166667,-93.37194444,43.28,3252320821315d,Louisiana
32.87555556,-82.22083333,91.64,3249531121514d,Georgia
32.83138889,-112.2538889,341.13,3247290794720d,Arizona
32.79138889,-79.78888889,51.61,3246411170715d,South Carolina
32.77805556,-117.1208333,18.78,3246411170715d,California
32.77805556,-117.1208333,-18.34,3245080912523d,California
32.75222222,-91.42305556,34.4,3244161170420d,Louisiana
32.73777778,-117.0722222,230.18,3244161170420d,California
32.73777778,-117.0722222,229.99,3242090824302d,California
32.7025,-82.71722222,154.22,3241161170508d,Georgia
32.68777778,-117.0855556,145.46,3241161170508d,California
32.68777778,-117.0855556,114.93,3240551170644d,California
32.68194444,-117.1122222,22.98,3240551170644d,California
32.68194444,-117.1122222,48.23,3240031142357d,California
32.6675,-114.3991667,155.92,3239321170508d,Arizona
32.65888889,-117.0855556,153.56,3239321170508d,California
32.65888889,-117.0855556,-73.36,3239151170553d,California
32.65416667,-117.0980556,73.49,3239151170553d,California
32.65416667,-117.0980556,83.54,3238081170604d,California
32.63555556,-117.1011111,82.76,3238081170604d,California
32.63555556,-117.1011111,42.63,3236591170333d,California
32.61638889,-117.0591667,125.13,3236591170333d,California
32.61638889,-117.0591667,61.02,3235281170314d,California
32.59111111,-117.0538889,27.03,3235281170314d,California
32.59111111,-117.0538889,-19.8,3235271170500d,California
32.59083333,-117.0833333,79.92,3235271170500d,California
32.59083333,-117.0833333,79.63,3233131170339d,California
32.55361111,-117.0608333,38.95,3233131170339d,California
32.55361111,-117.0608333,38.73,3233020832634d,California
32.55055556,-83.44277778,167.66,3231230815116d,Georgia
32.52305556,-81.85444444,84.67,3231230815116d,Georgia
32.52305556,-81.85444444,89.16,3230470904844d,Georgia
32.51305556,-90.81222222,19.02,3230300830300d,Mississippi
32.50833333,-83.05,48.89,3230010880216d,Georgia
32.50027778,-88.03777778,4.41,3227121040745d,Alabama
32.45333333,-104.1291667,87.39,3226520830330d,New Mexico
32.44777778,-83.05833333,31.31,3225000855512d,Georgia
32.41666667,-85.92,13.02,3223430932115d,Alabama
32.39527778,-93.35416667,19.62,3223231063147d,Louisiana
32.38972222,-106.5297222,70.44,3222450832901d,New Mexico
32.37916667,-83.48361111,65.72,3222360811910d,Georgia
32.37666667,-81.31944444,30.85,3222340811900d,Georgia
32.37611111,-81.31666667,19.35,3220470862143d,Georgia
32.34638889,-86.36194444,18.79,3220360845903d,Alabama
32.34333333,-84.98416667,50.29,3219430811514d,Georgia
32.32861111,-81.25388889,44.17,3217451064921d,Georgia
32.29583333,-106.8225,36.5,3217451064921d,New Mexico
32.29583333,-106.8225,34.48,3217420812349d,New Mexico
32.295,-81.39694444,70.83,3217420812349d,Georgia
32.295,-81.39694444,23.33,3217401064810d,Georgia
32.29444444,-106.8027778,46.59,3217401064810d,New Mexico
32.29444444,-106.8027778,45.54,3216030804322d,New Mexico
32.2675,-80.72277778,13.38,3213321064437d,South Carolina
32.22555556,-106.7436111,36.3,3213321064437d,New Mexico
32.22555556,-106.7436111,36.71,3213020822436d,New Mexico
32.21722222,-82.41,184.12,3208460805017d,Georgia
32.14611111,-80.83805556,23.02,3207540813643d,South Carolina
32.13166667,-81.61194444,62.85,3206220810637d,Georgia
32.10611111,-81.11027778,52.7,3201390835116d,Georgia
32.0275,-83.85444444,58.96,3201270805113d,Georgia
32.02416667,-80.85361111,30.27,3201270805112d,Georgia
32.02416667,-80.85333333,8.92,3159500811612d,Georgia
31.99722222,-81.27,4.27,3157121063618d,Georgia
31.95333333,-106.605,97.82,3143300840054d,Texas
31.725,-84.015,7.48,3141150883923d,Georgia
31.6875,-88.65638889,20.53,3139530843612d,Mississippi
31.66472222,-84.60333333,174.7,3138080840936d,Georgia
31.63555556,-84.16,28.54,3136250840415d,Georgia
31.60694444,-84.07083333,85.49,3135340841030d,Georgia
31.59277778,-84.175,68.76,3135320842035d,Georgia
31.59222222,-84.34305556,131.52,3133121100823d,Georgia
31.54638889,-84.01388889,51.82,3131460834916d,Georgia
31.52944444,-83.82111111,220.32,3129190841538d,Georgia
31.48861111,-84.26055556,25.8,3127120825933d,Georgia
31.45333333,-82.9925,137.73,3126170841107d,Georgia
31.43805556,-84.18527778,44.4,3122320843917d,Georgia
31.37555556,-84.65472222,3.79,3121270840658d,Georgia
31.3575,-84.11611111,49.1,3120441101419d,Georgia
31.34555556,-110.2386111,35.8,3118020841923d,Arizona
31.30055556,-84.32305556,40.07,3116470841738d,Georgia
31.27972222,-84.29388889,39.56,3116470841738d,Georgia
31.27972222,-84.29388889,38.6,3113190861536d,Georgia
31.22194444,-86.26,10.96,3110280812859d,Alabama
31.17444444,-81.48305556,5.08,3110220813046d,Georgia
31.17277778,-81.51277778,41.69,3110220813046d,Georgia
31.17277778,-81.51277778,5.3,3109310812910d,Georgia
31.15861111,-81.48611111,0.58,3108250812942d,Georgia
31.14027778,-81.495,-11.1,3108220812942d,Georgia
31.13944444,-81.495,-9.45,3108130832603d,Georgia
31.13694444,-83.43416667,179.18,3107060821551d,Georgia
31.11833333,-82.26416667,100.2,3106510844045d,Georgia
31.11416667,-84.67916667,29.97,3105070842622d,Georgia
31.08527778,-84.43944444,50.54,3104180812447d,Georgia
31.07166667,-81.41305556,-23.25,3104100813438d,Georgia
31.06944444,-81.57722222,-21.21,3057360843558d,Georgia
30.96,-84.59944444,46.11,3055190904818d,Georgia
30.92194444,-90.805,57.34,3051101025334d,Louisiana
30.85277778,-102.8927778,107.58,3050180932513d,Texas
30.83833333,-93.42027778,35.6,3049490831653d,Louisiana
30.83027778,-83.28138889,120.08,3049420822138d,Georgia
30.82833333,-82.36055556,66.59,3044060813305d,Georgia
30.735,-81.55138889,2.7,3044060813305d,Georgia
30.735,-81.55138889,-10.64,3034310954300d,Georgia
30.57527778,-95.71666667,23.51,3034310954300d,Texas
30.57527778,-95.71666667,12.5,3031430953348d,Texas
30.49666667,-95.70694444,50.54,3026420910834d,Texas
30.445,-91.14277778,92.09,3026360954228d,Louisiana
30.44333333,-95.70777778,14.95,3026360954228d,Texas
30.44333333,-95.70777778,14.71,3026360910838d,Texas
30.44333333,-91.14388889,107.31,3026140910830d,Louisiana
30.43722222,-91.14166667,148.59,3024160875055d,Louisiana
30.40444444,-87.84861111,1.18,3019480952900d,Alabama
30.33,-95.48333333,54.47,3019480952900d,Texas
30.33,-95.48333333,87.15,3015050953437d,Texas
30.25138889,-95.57694444,40.69,3012370974648d,Texas
30.21027778,-97.78,162.41,3012280952725d,Texas
30.20777778,-95.45694444,350.28,3008490951433d,Texas
30.14694444,-95.2425,137.88,3008240952747d,Texas
30.14,-95.46305556,132.47,2954490950841d,Texas
29.91361111,-95.14472222,83.46,2953140913121d,Texas
29.88722222,-91.5225,6.45,2952040993402d,Louisiana
29.86777778,-99.56722222,250.02,2947280952001d,Texas
29.79111111,-95.33361111,168.53,2947260953511d,Texas
29.79055556,-95.58638889,356.73,2947260953511d,Texas
29.72722222,-95.45111111,248.88,2943380952704d,Texas
29.72722222,-95.45111111,228.11,2935590982848d,Texas
29.59972222,-98.48,178.46,2935160983255d,Texas
29.58777778,-98.54861111,239.74,2934050983942d,Texas
29.56805556,-98.66166667,210.71,2933480950706d,Texas
29.56333333,-95.11833333,132.54,2932520983808d,Texas
29.54777778,-98.63555556,179.1,2932020990635d,Texas
29.53388889,-99.10972222,176.46,2929430983544d,Texas
29.49527778,-98.59555556,173.62,2926280994014d,Texas
29.44111111,-99.67055556,68.67,2926180991659d,Texas
29.43833333,-99.28305556,213.81,2923380950636d,Texas
29.39388889,-95.11,91.49,2723100981602d,Texas
